timestamp,price,distance,exposure,open_positions,equity
2026-05-19 19:20:00,0.367,100.0,50.0,1,150.0
2026-05-19 19:25:00,0.3655,14059.848420740755,100.0,2,149.69346049046322
2026-05-19 19:30:00,0.3657,15257.529840734842,100.0,2,149.77537209675077
2026-05-19 19:35:00,0.3646,192.08285455933458,150.0,3,149.32485826216933
2026-05-19 19:40:00,0.3647,192.39720589235213,150.0,3,149.38638455351938
2026-05-19 19:45:00,0.3649,193.02742316887324,150.0,3,149.5094371362194
2026-05-19 19:50:00,0.3636,95.49835784402067,200.0,4,148.70959534866913
2026-05-19 19:55:00,0.3641,96.29490855993117,200.0,4,149.12036211895057
2026-05-19 20:00:00,0.3648,97.41732147247738,200.0,4,149.69543559734464
2026-05-19 20:05:00,0.3655,98.5482704835071,200.0,4,150.27050907573863
2026-05-19 20:10:00,0.3654,98.3861800321212,200.0,4,150.18835572168237
2026-05-19 20:15:00,0.3657,98.87298026915258,200.0,4,150.43481578385126
2026-05-19 20:20:00,0.3643,96.61473257425797,200.0,4,149.28466882706317
2026-05-19 20:25:00,0.3636,95.49835784402067,200.0,4,148.70959534866913
2026-05-19 20:30:00,0.3643,96.61473257425797,200.0,4,149.28466882706317
2026-05-19 20:35:00,0.3646,97.09576527619639,200.0,4,149.53112888923204
2026-05-19 20:40:00,0.3639,95.97577350145593,200.0,4,148.95605541083802
2026-05-19 20:45:00,0.3641,96.29490855993117,200.0,4,149.12036211895057
2026-05-19 20:50:00,0.3642,96.45473430825092,200.0,4,149.2025154730069
2026-05-19 20:55:00,0.3641,96.29490855993117,200.0,4,149.12036211895057
2026-05-19 21:00:00,0.3631,94.70607849319462,200.0,4,148.29882857838768
2026-05-19 21:05:00,0.3616,92.35452780583014,200.0,4,147.06652826754333
2026-05-19 21:10:00,0.3641,96.29490855993117,200.0,4,149.12036211895057
2026-05-19 21:15:00,0.3641,96.29490855993117,200.0,4,149.12036211895057
2026-05-19 21:20:00,0.365,97.73957448394103,200.0,4,149.8597423054572
2026-05-19 21:25:00,0.3651,97.90096300356478,200.0,4,149.94189565951348
2026-05-19 21:30:00,0.3669,100.83616929492571,200.0,4,151.42065603252672
2026-05-19 21:35:00,0.3671,101.16587766883328,200.0,4,151.58496274063927
2026-05-19 21:40:00,0.3667,100.50718204342822,200.0,4,151.25634932441415
2026-05-19 21:45:00,0.3666,100.34295809967261,200.0,4,151.17419597035783
2026-05-19 21:50:00,0.3671,101.16587766883328,200.0,4,151.58496274063927
2026-05-19 21:55:00,0.3644,96.77490363742962,200.0,4,149.36682218111946
2026-05-19 22:00:00,0.3633,95.0224798709033,200.0,4,148.4631352865003
2026-05-19 22:05:00,0.3638,95.81646363535151,200.0,4,148.87390205678173
2026-05-19 22:10:00,0.3647,97.25645641377233,200.0,4,149.61328224328835
2026-05-19 22:15:00,0.365,97.73957448394103,200.0,4,149.8597423054572
2026-05-19 22:20:00,0.3633,95.0224798709033,200.0,4,148.4631352865003
2026-05-19 22:25:00,0.3621,93.13419719306484,200.0,4,147.47729503782477
2026-05-19 22:30:00,0.3641,96.29490855993117,200.0,4,149.12036211895057
2026-05-19 22:35:00,0.3637,95.65732517503356,200.0,4,148.79174870272544
2026-05-19 22:40:00,0.3648,97.41732147247738,200.0,4,149.69543559734464
2026-05-19 22:45:00,0.3643,96.61473257425797,200.0,4,149.28466882706317
2026-05-19 22:50:00,0.3647,97.25645641377233,200.0,4,149.61328224328835
2026-05-19 22:55:00,0.3634,95.18093546695442,200.0,4,148.54528864055658
2026-05-19 23:00:00,0.364,96.13525505042419,200.0,4,149.0382087648943
2026-05-19 23:05:00,0.3649,97.57836073482503,200.0,4,149.7775889514009
2026-05-19 23:10:00,0.3646,97.09576527619639,200.0,4,149.53112888923204
2026-05-19 23:15:00,0.3663,99.85136146508898,200.0,4,150.927735908189
2026-05-19 23:20:00,0.3668,100.6715856768195,200.0,4,151.33850267847043
2026-05-19 23:25:00,0.3675,101.82746728868281,200.0,4,151.91357615686445
2026-05-19 23:30:00,0.3686,103.66191755549845,200.0,4,152.81726305148362
2026-05-19 23:35:00,0.3689,104.16609865349483,200.0,4,153.06372311365251
2026-05-19 23:40:00,0.3685,103.49422841679421,200.0,4,152.73510969742733
2026-05-19 23:45:00,0.3695,105.17950024668083,200.0,4,153.55664323799024
2026-05-19 23:50:00,0.3697,105.51880306307291,200.0,4,153.7209499461028
2026-05-19 23:55:00,0.3686,103.66191755549845,200.0,4,152.81726305148362
2026-05-20 00:00:00,0.3693,104.84095023950972,200.0,4,153.39233652987767
2026-05-20 00:05:00,0.369,104.33453127462755,200.0,4,153.14587646770877
2026-05-20 00:10:00,0.3639,95.97577350145593,200.0,4,148.95605541083802
2026-05-20 00:15:00,0.3657,98.87298026915258,200.0,4,150.43481578385126
2026-05-20 00:20:00,0.3646,97.09576527619639,200.0,4,149.53112888923204
2026-05-20 00:25:00,0.3674,101.66179752930024,200.0,4,151.83142280280816
2026-05-20 00:30:00,0.3659,99.19839715147829,200.0,4,150.5991224919638
2026-05-20 00:35:00,0.3658,99.03560017895336,200.0,4,150.51696913790752
2026-05-20 00:40:00,0.3686,103.66191755549845,200.0,4,152.81726305148362
2026-05-20 00:45:00,0.3701,106.19967718970891,200.0,4,154.04956336232797
2026-05-20 00:50:00,0.3701,106.19967718970891,200.0,4,154.04956336232797
2026-05-20 00:55:00,0.3685,103.49422841679421,200.0,4,152.73510969742733
2026-05-20 01:00:00,0.3683,103.15940513736024,200.0,4,152.57080298931479
2026-05-20 01:05:00,0.3703,105.09535726555829,198.630603624472,4,154.21387007044058
2026-05-20 01:10:00,0.368,66.99919325832619,248.630603624472,5,152.32863489360963
2026-05-20 01:15:00,0.3672,66.03338108396088,248.630603624472,5,151.5083552525366
2026-05-20 01:20:00,0.3655,64.00405304934729,248.630603624472,5,149.7652610152563
2026-05-20 01:25:00,0.3634,61.539580881778946,248.630603624472,5,147.6120269574395
2026-05-20 01:30:00,0.3652,63.649145838672574,248.630603624472,5,149.45765614985393
2026-05-20 01:35:00,0.3654,63.885644526108365,248.630603624472,5,149.66272606012217
2026-05-20 01:40:00,0.3671,65.91314563013823,248.630603624472,5,151.4058202974024
2026-05-20 01:45:00,0.3676,66.51541218413418,248.630603624472,5,151.91849507307307
2026-05-20 01:50:00,0.3686,67.72816697404129,248.630603624472,5,152.9438446244144
2026-05-20 01:55:00,0.3696,68.952009283349,248.630603624472,5,153.96919417575575
2026-05-20 02:00:00,0.3741,220.75009833994957,146.6976721716811,3,158.58326715679172
2026-05-20 02:05:00,0.3739,220.0298384522764,146.6976721716811,3,158.45940222988062
2026-05-20 02:10:00,0.3757,100.0,97.3638576942145,2,159.57418657208063
2026-05-20 02:15:00,0.3747,100.0,97.3638576942145,2,159.16054402067903
2026-05-20 02:20:00,0.3775,100.0,99.04281815944093,2,160.31874316460355
2026-05-20 02:25:00,0.3756,198.90171701986338,149.04281815944094,3,159.51953013037726
2026-05-20 02:30:00,0.373,95.74761588502447,199.04281815944094,4,157.8734486388351
2026-05-20 02:35:00,0.3727,95.2827293679804,199.04281815944094,4,157.6193309040917
2026-05-20 02:40:00,0.3684,59.599035431721184,249.04281815944088,5,153.9769767061034
2026-05-20 02:45:00,0.3704,61.86797551328348,249.04281815944088,5,156.10433960106946
2026-05-20 02:50:00,0.3703,61.75358695171974,249.04281815944088,5,155.99797145632115
2026-05-20 02:55:00,0.3715,63.13288008263963,249.04281815944088,5,157.27438919330078
2026-05-20 03:00:00,0.3707,62.21174185083102,249.04281815944088,5,156.42344403531433
2026-05-20 03:05:00,0.3737,65.69970614620982,249.04281815944088,5,159.61448837776342
2026-05-20 03:10:00,0.3725,64.29344403181514,249.04281815944088,5,158.3380706407838
2026-05-20 03:15:00,0.3719,63.595880407256104,249.04281815944088,5,157.69986177229399
2026-05-20 03:20:00,0.3723,64.060512965464,249.04281815944088,5,158.12533435128722
2026-05-20 03:25:00,0.3757,67.19991056888978,247.09010673279948,5,161.74185127272946
2026-05-20 03:30:00,0.3743,65.54542984038821,247.09010673279948,5,160.25564358672398
2026-05-20 03:35:00,0.3747,66.01604421799443,247.09010673279948,5,160.68027435415408
2026-05-20 03:40:00,0.3731,64.14352484354777,247.09010673279948,5,158.98175128443347
2026-05-20 03:45:00,0.3725,63.44810858266129,247.09010673279948,5,158.34480513328825
2026-05-20 03:50:00,0.3731,64.14352484354777,247.09010673279948,5,158.98175128443347
2026-05-20 03:55:00,0.3712,61.953863680090535,247.09010673279948,5,156.96475513914024
2026-05-20 04:00:00,0.3726,63.56375689824777,247.09010673279948,5,158.45096282514578
2026-05-20 04:05:00,0.3724,63.332561712486466,247.09010673279948,5,158.23864744143074
2026-05-20 04:10:00,0.3729,63.911311855212226,247.09010673279948,5,158.76943590071843
2026-05-20 04:15:00,0.3727,63.679506792901876,247.09010673279948,5,158.5571205170033
2026-05-20 04:20:00,0.374,65.19356036183353,247.09010673279948,5,159.93717051115135
2026-05-20 04:25:00,0.3749,66.25197749832269,247.09010673279948,5,160.8925897378692
2026-05-20 04:30:00,0.375,66.37010114746164,247.09010673279948,5,160.99874742972673
2026-05-20 04:35:00,0.3742,65.42803631016466,247.09010673279948,5,160.1494858948664
2026-05-20 04:40:00,0.3755,66.9622950679017,247.09010673279948,5,161.52953588901443
2026-05-20 04:45:00,0.3757,67.19991056888978,247.09010673279948,5,161.74185127272946
2026-05-20 04:50:00,0.3778,69.72065224472672,247.09010673279948,5,163.97116280173782
2026-05-20 04:55:00,0.3763,67.91530180394426,247.09010673279948,5,162.37879742387474
2026-05-20 05:00:00,0.3785,70.57150190718745,247.09010673279948,5,164.71426664474058
2026-05-20 05:05:00,0.3805,71.84375850969441,245.6331069332804,5,166.83742048189137
2026-05-20 05:10:00,0.3831,221.58601230196984,146.03408346559027,3,169.5974409041997
2026-05-20 05:15:00,0.3812,103.01544341366898,196.0340834655903,4,168.37308378477164
2026-05-20 05:20:00,0.3802,66.68716808189414,246.0340834655903,5,167.50851556609896
2026-05-20 05:25:00,0.3807,67.27305694257733,246.0340834655903,5,168.05117408744442
2026-05-20 05:30:00,0.3824,69.284479710749,246.0340834655903,5,169.89621306001897
2026-05-20 05:35:00,0.3866,72.0404471150684,246.24249407878978,5,174.4545446393207
2026-05-20 05:40:00,0.3863,71.67775005151371,246.24249407878978,5,174.1264949244251
2026-05-20 05:45:00,0.3862,71.55706585250736,246.24249407878978,5,174.0171450194599
2026-05-20 05:50:00,0.3854,70.59543852023185,246.24249407878978,5,173.1423457797384
2026-05-20 05:55:00,0.3824,67.04919760390739,246.24249407878978,5,169.86184863078262
2026-05-20 06:00:00,0.384,68.92887765515479,246.24249407878978,5,171.6114471102257
2026-05-20 06:05:00,0.3856,70.83520629804774,246.24249407878978,5,173.36104558966875
2026-05-20 06:10:00,0.3866,72.0404471150684,246.24249407878978,5,174.4545446393207
2026-05-20 06:15:00,0.3857,70.9552495967054,246.24249407878978,5,173.47039549463395
2026-05-20 06:20:00,0.3856,70.83520629804774,246.24249407878978,5,173.36104558966875
2026-05-20 06:25:00,0.3805,64.85092470984043,246.24249407878978,5,167.78420043644397
2026-05-20 06:30:00,0.3793,63.481092329893805,246.24249407878978,5,166.4720015768617
2026-05-20 06:35:00,0.3798,64.0501300796337,246.24249407878978,5,167.01875110168766
2026-05-20 06:40:00,0.3786,62.68854744523175,246.24249407878978,5,165.7065522421053
2026-05-20 06:45:00,0.3789,63.02762495903965,246.24249407878978,5,166.0346019570009
2026-05-20 06:50:00,0.3798,64.0501300796337,246.24249407878978,5,167.01875110168766
2026-05-20 06:55:00,0.3808,65.19561124131577,246.24249407878978,5,168.11225015133957
2026-05-20 07:00:00,0.3774,61.34093485948632,246.24249407878978,5,164.394353382523
2026-05-20 07:05:00,0.377,60.89479802204218,246.24249407878978,5,163.95695376266224
2026-05-20 07:10:00,0.3763,60.11771285466306,246.24249407878978,5,163.19150442790593
2026-05-20 07:15:00,0.3762,60.00707841745272,246.24249407878978,5,163.08215452294067
2026-05-20 07:20:00,0.3782,62.23780167618862,246.24249407878978,5,165.26915262224452
2026-05-20 07:25:00,0.3779,61.90075617429245,246.24249407878978,5,164.94110290734898
2026-05-20 07:30:00,0.3765,60.339264423016346,246.24249407878978,5,163.41020423783627
2026-05-20 07:35:00,0.3766,60.45018179504251,246.24249407878978,5,163.51955414280144
2026-05-20 07:40:00,0.376,59.78609163629266,246.24249407878978,5,162.8634547130103
2026-05-20 07:45:00,0.3751,58.7962820142248,246.24249407878978,5,161.87930556832356
2026-05-20 07:50:00,0.3757,59.45531490180521,246.24249407878978,5,162.5354049981147
2026-05-20 07:55:00,0.3762,60.00707841745272,246.24249407878978,5,163.08215452294067
2026-05-20 08:00:00,0.3763,60.11771285466306,246.24249407878978,5,163.19150442790593
2026-05-20 08:05:00,0.376,59.78609163629266,246.24249407878978,5,162.8634547130103
2026-05-20 08:10:00,0.3753,59.01558733148408,246.24249407878978,5,162.098005378254
2026-05-20 08:15:00,0.3763,60.11771285466306,246.24249407878978,5,163.19150442790593
2026-05-20 08:20:00,0.3753,59.01558733148408,246.24249407878978,5,162.098005378254
2026-05-20 08:25:00,0.3786,62.68854744523175,246.24249407878978,5,165.7065522421053
2026-05-20 08:30:00,0.382,66.58337606555703,246.24249407878978,5,169.42444901092185
2026-05-20 08:35:00,0.3804,64.7362282261945,246.24249407878978,5,167.6748505314788
2026-05-20 08:40:00,0.3793,63.481092329893805,246.24249407878978,5,166.4720015768617
2026-05-20 08:45:00,0.378,62.01300836847703,246.24249407878978,5,165.05045281231415
2026-05-20 08:50:00,0.3777,61.67654008689818,246.24249407878978,5,164.72240309741855
2026-05-20 08:55:00,0.3778,61.788600121586754,246.24249407878978,5,164.8317530023838
2026-05-20 09:00:00,0.3763,60.11771285466306,246.24249407878978,5,163.19150442790593
2026-05-20 09:05:00,0.3758,59.5654801809639,246.24249407878978,5,162.64475490307996
2026-05-20 09:10:00,0.374,57.5967101715755,246.24249407878978,5,160.67645661370648
2026-05-20 09:15:00,0.3747,58.358783595023425,246.24249407878978,5,161.4419059484628
2026-05-20 09:20:00,0.3749,58.57734774903878,246.24249407878978,5,161.66060575839322
2026-05-20 09:25:00,0.3756,59.34524309609277,246.24249407878978,5,162.42605509314953
2026-05-20 09:30:00,0.3759,59.6757390526863,246.24249407878978,5,162.75410480804513
2026-05-20 09:35:00,0.3771,61.00618936984367,246.24249407878978,5,164.0663036676274
2026-05-20 09:40:00,0.3764,60.22844148307124,246.24249407878978,5,163.3008543328711
2026-05-20 09:45:00,0.3756,59.34524309609277,246.24249407878978,5,162.42605509314953
2026-05-20 09:50:00,0.374,57.5967101715755,246.24249407878978,5,160.67645661370648
2026-05-20 09:55:00,0.3729,56.40820752548704,246.24249407878978,5,159.47360765908937
2026-05-20 10:00:00,0.3747,58.358783595023425,246.24249407878978,5,161.4419059484628
2026-05-20 10:05:00,0.375,58.68676855900369,246.24249407878978,5,161.7699556633584
2026-05-20 10:10:00,0.3744,58.031629272040576,246.24249407878978,5,161.11385623356725
2026-05-20 10:15:00,0.3752,58.90588823241435,246.24249407878978,5,161.98865547328876
2026-05-20 10:20:00,0.3744,58.031629272040576,246.24249407878978,5,161.11385623356725
2026-05-20 10:25:00,0.3748,58.468019466816855,246.24249407878978,5,161.55125585342802
2026-05-20 10:30:00,0.3769,60.78350171213385,246.24249407878978,5,163.84760385769707
2026-05-20 10:35:00,0.3774,61.34093485948632,246.24249407878978,5,164.394353382523
2026-05-20 10:40:00,0.3775,61.45270757878232,246.24249407878978,5,164.5037032874882
2026-05-20 10:45:00,0.378,62.01300836847703,246.24249407878978,5,165.05045281231415
2026-05-20 10:50:00,0.381,65.42590112564207,246.24249407878978,5,168.33094996126994
2026-05-20 10:55:00,0.3799,64.1642327040083,246.24249407878978,5,167.12810100665283
2026-05-20 11:00:00,0.3804,64.7362282261945,246.24249407878978,5,167.6748505314788
2026-05-20 11:05:00,0.382,66.58337606555703,246.24249407878978,5,169.42444901092185
2026-05-20 11:10:00,0.3813,65.77208684974568,246.24249407878978,5,168.65899967616548
2026-05-20 11:15:00,0.384,68.92887765515479,246.24249407878978,5,171.6114471102257
2026-05-20 11:20:00,0.3835,68.33864138535351,246.24249407878978,5,171.06469758539973
2026-05-20 11:25:00,0.3832,67.98574160189656,246.24249407878978,5,170.73664787050413
2026-05-20 11:30:00,0.384,68.92887765515479,246.24249407878978,5,171.6114471102257
2026-05-20 11:35:00,0.3844,69.4029394906251,246.24249407878978,5,172.04884673008647
2026-05-20 11:40:00,0.3855,70.71526931961868,246.24249407878978,5,173.25169568470358
2026-05-20 11:45:00,0.3863,71.67775005151371,246.24249407878978,5,174.1264949244251
2026-05-20 11:50:00,0.3862,71.55706585250736,246.24249407878978,5,174.0171450194599
2026-05-20 11:55:00,0.3864,71.79854156609657,246.24249407878978,5,174.23584482939032
2026-05-20 12:00:00,0.3892,220.9803424586957,146.25345673893955,3,177.29764216841568
2026-05-20 12:05:00,0.3893,221.32781919994483,146.25345673893955,3,177.3640403552955
2026-05-20 12:10:00,0.3921,215.65781578805044,147.3070328300239,3,179.22318958793036
2026-05-20 12:15:00,0.3897,101.15515095448208,197.3070328300239,4,177.61261321811102
2026-05-20 12:20:00,0.3903,102.09074926503419,197.3070328300239,4,178.15179468808924
2026-05-20 12:25:00,0.3899,101.46637247700359,197.3070328300239,4,177.79234037477045
2026-05-20 12:30:00,0.3939,104.05518475833175,198.10561965019883,4,181.38688350795857
2026-05-20 12:35:00,0.3923,67.09362398286257,248.1056196501988,5,179.93692520017396
2026-05-20 12:40:00,0.3894,63.83472037028019,248.1056196501988,5,176.6473941010892
2026-05-20 12:45:00,0.3862,60.32975457309095,248.1056196501988,5,173.01756668140933
2026-05-20 12:50:00,0.3877,61.961039496844485,248.1056196501988,5,174.71904828438423
2026-05-20 12:55:00,0.3869,61.088485203026856,248.1056196501988,5,173.81159142946433
2026-05-20 13:00:00,0.3867,60.871254108907316,248.1056196501988,5,173.5847272157343
2026-05-20 13:05:00,0.3866,60.762774061097325,248.1056196501988,5,173.4712951088693
2026-05-20 13:10:00,0.3855,59.57542095128805,248.1056196501988,5,172.2235419333544
2026-05-20 13:15:00,0.3851,59.14633264913014,248.1056196501988,5,171.7698135058944
2026-05-20 13:20:00,0.3844,58.3988317790466,248.1056196501988,5,170.97578875783947
2026-05-20 13:25:00,0.3823,56.18198095534842,248.1056196501988,5,168.5937145136745
2026-05-20 13:30:00,0.3835,57.44407225085516,248.1056196501988,5,169.9548997960545
2026-05-20 13:35:00,0.3827,56.6013008557761,248.1056196501988,5,169.0474429411345
2026-05-20 13:40:00,0.3822,56.07736502506479,248.1056196501988,5,168.48028240680955
2026-05-20 13:45:00,0.3833,57.23286083428935,248.1056196501988,5,169.72803558232448
2026-05-20 13:50:00,0.3828,56.70634540144582,248.1056196501988,5,169.1608750479995
2026-05-20 13:55:00,0.3814,55.24350351865025,248.1056196501988,5,167.57282555188962
2026-05-20 14:00:00,0.3828,56.70634540144582,248.1056196501988,5,169.1608750479995
2026-05-20 14:05:00,0.3818,55.65975434164668,248.1056196501988,5,168.02655397934956
2026-05-20 14:10:00,0.3817,55.55556440875904,248.1056196501988,5,167.91312187248457
2026-05-20 14:15:00,0.3875,61.74235461763777,248.1056196501988,5,174.49218407065428
2026-05-20 14:20:00,0.3865,60.65438419592785,248.1056196501988,5,173.35786300200434
2026-05-20 14:25:00,0.3864,60.5460844009884,248.1056196501988,5,173.24443089513935
2026-05-20 14:30:00,0.3837,57.65563079975462,248.1056196501988,5,170.18176400978447
2026-05-20 14:35:00,0.3872,61.415011035052935,248.1056196501988,5,174.15188775005927
2026-05-20 14:40:00,0.3915,66.18660213211695,248.1056196501988,5,179.02946834525406
2026-05-20 14:45:00,0.396,71.37029257377606,248.1056196501988,5,184.1339131541788
2026-05-20 14:50:00,0.3967,70.82186739370087,247.24182638837914,5,184.92793790223374
2026-05-20 14:55:00,0.3953,69.19900108434754,247.24182638837914,5,183.33656267412303
2026-05-20 15:00:00,0.3926,66.12348539215726,247.24182638837914,5,180.26748187705246
2026-05-20 15:05:00,0.3939,67.59546856810694,247.24182638837914,5,181.74518744601235
2026-05-20 15:10:00,0.3926,66.12348539215726,247.24182638837914,5,180.26748187705246
2026-05-20 15:15:00,0.3989,71.85925809954364,245.88314494641335,5,187.4286704035505
2026-05-20 15:20:00,0.3981,70.92546917734585,245.88314494641335,5,186.5181105322508
2026-05-20 15:25:00,0.3992,108.38676827619457,195.63781380719703,4,187.77013035528796
2026-05-20 15:30:00,0.4019,219.12096982452965,146.4644099062404,3,190.23261250676018
2026-05-20 15:35:00,0.4027,221.80034950317173,146.4644099062404,3,190.78549356411585
2026-05-20 15:40:00,0.4007,103.32402877205979,196.46440990624043,4,189.4032909207267
2026-05-20 15:45:00,0.4037,70.57725201687475,246.46440990624043,5,192.18171613876171
2026-05-20 15:50:00,0.4026,69.3254591905286,246.46440990624043,5,190.9063370773827
2026-05-20 15:55:00,0.4031,69.89301705248499,246.46440990624043,5,191.48605483255497
2026-05-20 16:00:00,0.403,69.77931419555863,246.46440990624043,5,191.37011128152054
2026-05-20 16:05:00,0.406,71.1513590287082,246.30320509471565,5,194.8484178125542
2026-05-20 16:10:00,0.4066,106.96451163091005,196.51275089333677,4,195.5482088402525
2026-05-20 16:15:00,0.4047,68.28367824691492,246.51275089333677,5,193.7674284518377
2026-05-20 16:20:00,0.4032,66.62067204276293,246.51275089333677,5,192.00528014877256
2026-05-20 16:25:00,0.3996,62.71234107632853,246.51275089333677,5,187.77612422141618
2026-05-20 16:30:00,0.3979,60.90629637452889,246.51275089333677,5,185.77902281127564
2026-05-20 16:35:00,0.3973,60.27478315918091,246.51275089333677,5,185.0741634900496
2026-05-20 16:40:00,0.3973,60.27478315918091,246.51275089333677,5,185.0741634900496
2026-05-20 16:45:00,0.3962,59.124913833397684,246.51275089333677,5,183.78192140113518
2026-05-20 16:50:00,0.3949,57.779008199672745,246.51275089333677,5,182.25472620514535
2026-05-20 16:55:00,0.3958,58.70929450784028,246.51275089333677,5,183.31201518698444
2026-05-20 17:00:00,0.3957,58.60559791359915,246.51275089333677,5,183.1945386334468
2026-05-20 17:05:00,0.397,59.960171580046676,246.51275089333677,5,184.7217338294366
2026-05-20 17:10:00,0.3974,60.37982297711869,246.51275089333677,5,185.19164004358726
2026-05-20 17:15:00,0.3984,61.43490308473748,246.51275089333677,5,186.36640557896402
2026-05-20 17:20:00,0.3972,60.16982805528935,246.51275089333677,5,184.95668693651194
2026-05-20 17:25:00,0.3968,59.750852733843274,246.51275089333677,5,184.4867807223612
2026-05-20 17:30:00,0.3978,60.80083144394573,246.51275089333677,5,185.661546257738
2026-05-20 17:35:00,0.3957,58.60559791359915,246.51275089333677,5,183.1945386334468
2026-05-20 17:40:00,0.3977,60.695451742101135,246.51275089333677,5,185.54406970420033
2026-05-20 17:45:00,0.3985,61.54088156583259,246.51275089333677,5,186.48388213250178
2026-05-20 17:50:00,0.398,61.01184663728914,246.51275089333677,5,185.89649936481337
2026-05-20 17:55:00,0.3965,59.43750573707436,246.51275089333677,5,184.13435106174822
2026-05-20 18:00:00,0.3996,62.71234107632853,246.51275089333677,5,187.77612422141618
2026-05-20 18:05:00,0.3999,63.033653550435474,246.51275089333677,5,188.1285538820292
2026-05-20 18:10:00,0.4034,66.8412140189958,246.51275089333677,5,192.24023325584787
2026-05-20 18:15:00,0.4015,64.76068135530105,246.51275089333677,5,190.00817873863207
2026-05-20 18:20:00,0.3993,62.39181265203515,246.51275089333677,5,187.42369456080314
2026-05-20 18:25:00,0.3993,62.39181265203515,246.51275089333677,5,187.42369456080314
2026-05-20 18:30:00,0.4009,64.11039480087395,246.51275089333677,5,189.30331941740596
2026-05-20 18:35:00,0.4012,64.4351382901033,246.51275089333677,5,189.655749078019
2026-05-20 18:40:00,0.4012,64.4351382901033,246.51275089333677,5,189.655749078019
2026-05-20 18:45:00,0.3994,62.49856852070692,246.51275089333677,5,187.5411711143408
2026-05-20 18:50:00,0.3971,60.064957563003176,246.51275089333677,5,184.83921038297427
2026-05-20 18:55:00,0.3955,58.398453909140194,246.51275089333677,5,182.95958552637146
2026-05-20 19:00:00,0.3937,56.54898406413649,246.51275089333677,5,180.84500756269324
2026-05-20 19:05:00,0.3955,58.398453909140194,246.51275089333677,5,182.95958552637146
2026-05-20 19:10:00,0.3951,57.98515984642285,246.51275089333677,5,182.48967931222074
2026-05-20 19:15:00,0.3979,60.90629637452889,246.51275089333677,5,185.77902281127564
2026-05-20 19:20:00,0.3986,61.64694600326389,246.51275089333677,5,186.60135868603942
2026-05-20 19:25:00,0.3996,62.71234107632853,246.51275089333677,5,187.77612422141618
2026-05-20 19:30:00,0.3996,62.71234107632853,246.51275089333677,5,187.77612422141618
2026-05-20 19:35:00,0.4003,63.46329479601719,246.51275089333677,5,188.5984600961799
2026-05-20 19:40:00,0.3992,62.28514358141687,246.51275089333677,5,187.30621800726547
2026-05-20 19:45:00,0.398,61.01184663728914,246.51275089333677,5,185.89649936481337
2026-05-20 19:50:00,0.3999,63.033653550435474,246.51275089333677,5,188.1285538820292
2026-05-20 19:55:00,0.3989,61.96565610060256,246.51275089333677,5,186.95378834665243
2026-05-20 20:00:00,0.3956,58.50198441397867,246.51275089333677,5,183.07706207990913
2026-05-20 20:05:00,0.3961,59.02088385907886,246.51275089333677,5,183.6644448475975
2026-05-20 20:10:00,0.3988,61.85933316577616,246.51275089333677,5,186.83631179311476
2026-05-20 20:15:00,0.3979,60.90629637452889,246.51275089333677,5,185.77902281127564
2026-05-20 20:20:00,0.3952,58.08835936732679,246.51275089333677,5,182.6071558657584
2026-05-20 20:25:00,0.3963,59.22902740393974,246.51275089333677,5,183.89939795467282
2026-05-20 20:30:00,0.3939,56.753172269745164,246.51275089333677,5,181.07996066976858
2026-05-20 20:35:00,0.3937,56.54898406413649,246.51275089333677,5,180.84500756269324
2026-05-20 20:40:00,0.3956,58.50198441397867,246.51275089333677,5,183.07706207990913
2026-05-20 20:45:00,0.3974,60.37982297711869,246.51275089333677,5,185.19164004358726
2026-05-20 20:50:00,0.4002,63.355752954694545,246.51275089333677,5,188.48098354264224
2026-05-20 20:55:00,0.4009,64.11039480087395,246.51275089333677,5,189.30331941740596
2026-05-20 21:00:00,0.4031,66.51053770521601,246.51275089333677,5,191.88780359523489
2026-05-20 21:05:00,0.4021,65.41417805494272,246.51275089333677,5,190.71303805985812
2026-05-20 21:10:00,0.4023,65.63272776560093,246.51275089333677,5,190.94799116693343
2026-05-20 21:15:00,0.4013,64.54356365768507,246.51275089333677,5,189.77322563155667
2026-05-20 21:20:00,0.4032,66.62067204276293,246.51275089333677,5,192.00528014877256
2026-05-20 21:25:00,0.4027,66.07090872898004,246.51275089333677,5,191.41789738108417
2026-05-20 21:30:00,0.4029,66.29054176725775,246.51275089333677,5,191.6528504881595
2026-05-20 21:35:00,0.4056,69.29147721592399,246.51275089333677,5,194.8247174336768
2026-05-20 21:40:00,0.4045,68.0607464534541,246.51275089333677,5,193.5324753447624
2026-05-20 21:45:00,0.4041,67.61599250079583,246.51275089333677,5,193.06256913061165
2026-05-20 21:50:00,0.4054,69.06686810561102,246.51275089333677,5,194.58976432660143
2026-05-20 21:55:00,0.3997,62.81935797576899,246.51275089333677,5,187.89360077495385
2026-05-20 22:00:00,0.4,63.140932439193286,246.51275089333677,5,188.24603043556692
2026-05-20 22:05:00,0.3998,62.926462098245025,246.51275089333677,5,188.01107732849152
2026-05-20 22:10:00,0.3996,62.71234107632853,246.51275089333677,5,187.77612422141618
2026-05-20 22:15:00,0.3968,59.750852733843274,246.51275089333677,5,184.4867807223612
2026-05-20 22:20:00,0.4002,63.355752954694545,246.51275089333677,5,188.48098354264224
2026-05-20 22:25:00,0.4029,66.29054176725775,246.51275089333677,5,191.6528504881595
2026-05-20 22:30:00,0.4036,67.06212115093093,246.51275089333677,5,192.47518636292327
2026-05-20 22:35:00,0.4044,67.94941943382038,246.51275089333677,5,193.41499879122463
2026-05-20 22:40:00,0.4009,64.11039480087395,246.51275089333677,5,189.30331941740596
2026-05-20 22:45:00,0.4025,65.85163769317776,246.51275089333677,5,191.18294427400883
2026-05-20 22:50:00,0.3999,63.033653550435474,246.51275089333677,5,188.1285538820292
2026-05-20 22:55:00,0.3998,62.926462098245025,246.51275089333677,5,188.01107732849152
2026-05-20 23:00:00,0.4,63.140932439193286,246.51275089333677,5,188.24603043556692
2026-05-20 23:05:00,0.4009,64.11039480087395,246.51275089333677,5,189.30331941740596
2026-05-20 23:10:00,0.4004,63.57092450306615,246.51275089333677,5,188.71593664971758
2026-05-20 23:15:00,0.4027,66.07090872898004,246.51275089333677,5,191.41789738108417
2026-05-20 23:20:00,0.401,64.2185539707564,246.51275089333677,5,189.4207959709437
2026-05-20 23:25:00,0.4015,64.76068135530105,246.51275089333677,5,190.00817873863207
2026-05-20 23:30:00,0.4042,67.72704257246146,246.51275089333677,5,193.18004568414932
2026-05-20 23:35:00,0.4028,66.18067994180356,246.51275089333677,5,191.53537393462182
2026-05-20 23:40:00,0.4012,64.4351382901033,246.51275089333677,5,189.655749078019
2026-05-20 23:45:00,0.4011,64.32680176417641,246.51275089333677,5,189.53827252448136
2026-05-20 23:50:00,0.4023,65.63272776560093,246.51275089333677,5,190.94799116693343
2026-05-20 23:55:00,0.4016,64.86937390452809,246.51275089333677,5,190.12565529216974
2026-05-21 00:00:00,0.3997,62.81935797576899,246.51275089333677,5,187.89360077495385
2026-05-21 00:05:00,0.4007,63.89434189673633,246.51275089333677,5,189.06836631033062
2026-05-21 00:10:00,0.399,62.07206541125685,246.51275089333677,5,187.07126490019016
2026-05-21 00:15:00,0.3989,61.96565610060256,246.51275089333677,5,186.95378834665243
2026-05-21 00:20:00,0.3987,61.753096501649196,246.51275089333677,5,186.7188352395771
2026-05-21 00:25:00,0.3998,62.926462098245025,246.51275089333677,5,188.01107732849152
2026-05-21 00:30:00,0.3992,62.28514358141687,246.51275089333677,5,187.30621800726547
2026-05-21 00:35:00,0.3983,61.329010455530366,246.51275089333677,5,186.24892902542638
2026-05-21 00:40:00,0.3999,63.033653550435474,246.51275089333677,5,188.1285538820292
2026-05-21 00:45:00,0.4001,63.248298871545614,246.51275089333677,5,188.3635069891046
2026-05-21 00:50:00,0.3981,61.11748233583227,246.51275089333677,5,186.01397591835104
2026-05-21 00:55:00,0.3977,60.695451742101135,246.51275089333677,5,185.54406970420033
2026-05-21 01:00:00,0.3971,60.064957563003176,246.51275089333677,5,184.83921038297427
2026-05-21 01:05:00,0.3995,62.60541129341847,246.51275089333677,5,187.65864766787854
2026-05-21 01:10:00,0.4022,65.52340793874906,246.51275089333677,5,190.8305146133958
2026-05-21 01:15:00,0.3997,62.81935797576899,246.51275089333677,5,187.89360077495385
2026-05-21 01:20:00,0.404,67.50503451549697,246.51275089333677,5,192.94509257707398
2026-05-21 01:25:00,0.4064,70.193676162115,246.51275089333677,5,195.7645298619782
2026-05-21 01:30:00,0.406,69.74182230038305,246.51275089333677,5,195.29462364782754
2026-05-21 01:35:00,0.4087,71.39260068900482,245.6090042390702,5,198.4664905933448
2026-05-21 01:40:00,0.406,68.35409937041038,245.6090042390702,5,195.28801381785186
2026-05-21 01:45:00,0.404,66.14686216450076,245.6090042390702,5,192.933586576746
2026-05-21 01:50:00,0.404,66.14686216450076,245.6090042390702,5,192.933586576746
2026-05-21 01:55:00,0.4124,223.44761906582616,145.93841776492872,3,202.82218098939063
2026-05-21 02:00:00,0.4123,223.11576701095478,145.93841776492872,3,202.75067222642306
2026-05-21 02:05:00,0.4111,104.42733038263894,195.93841776492872,4,201.89256707081228
2026-05-21 02:10:00,0.4095,67.03021744144277,245.93841776492872,5,200.35836670975854
2026-05-21 02:15:00,0.4087,66.16170369798475,245.93841776492872,5,199.39547443016738
2026-05-21 02:20:00,0.4034,60.547488448495734,245.93841776492872,5,193.0163130778756
2026-05-21 02:25:00,0.4023,59.411823885320366,245.93841776492872,5,191.6923361934377
2026-05-21 02:30:00,0.4029,60.03004706305798,245.93841776492872,5,192.4145054031311
2026-05-21 02:35:00,0.4052,62.42745183285536,245.93841776492872,5,195.18282070695585
2026-05-21 02:40:00,0.404,61.1711429510642,245.93841776492872,5,193.73848228756907
2026-05-21 02:45:00,0.4034,60.547488448495734,245.93841776492872,5,193.0163130778756
2026-05-21 02:50:00,0.4027,59.823645523116774,245.93841776492872,5,192.1737823332333
2026-05-21 02:55:00,0.4038,60.96292664831285,245.93841776492872,5,193.49775921767122
2026-05-21 03:00:00,0.4048,62.007341419939834,245.93841776492872,5,194.70137456716023
2026-05-21 03:05:00,0.4051,62.32229797693402,245.93841776492872,5,195.06245917200695
2026-05-21 03:10:00,0.4063,63.58973291655805,245.93841776492872,5,196.50679759139373
2026-05-21 03:15:00,0.4088,66.26995882399842,245.93841776492872,5,199.51583596511625
2026-05-21 03:20:00,0.4122,70.00376386262847,245.93841776492872,5,203.60812815337889
2026-05-21 03:25:00,0.4115,69.22650371526746,245.93841776492872,5,202.76559740873654
2026-05-21 03:30:00,0.4131,71.009717399775,245.93841776492872,5,204.69138196791903
2026-05-21 03:35:00,0.4104,68.01409552171452,245.93841776492872,5,201.44162052429866
2026-05-21 03:40:00,0.4091,66.59525321079416,245.93841776492872,5,199.87692056996298
2026-05-21 03:45:00,0.4073,64.65532222192924,245.93841776492872,5,197.71041294088275
2026-05-21 03:50:00,0.4108,68.45370572206878,245.93841776492872,5,201.92306666409428
2026-05-21 03:55:00,0.4075,64.86947478130494,245.93841776492872,5,197.95113601078052
2026-05-21 04:00:00,0.4055,62.74341983015693,245.93841776492872,5,195.54390531180258
2026-05-21 04:05:00,0.404,61.1711429510642,245.93841776492872,5,193.73848228756907
2026-05-21 04:10:00,0.4042,61.37969178110654,245.93841776492872,5,193.97920535746684
2026-05-21 04:15:00,0.4067,64.01493727860965,245.93841776492872,5,196.98824373118936
2026-05-21 04:20:00,0.4076,64.97668107882342,245.93841776492872,5,198.07149754572947
2026-05-21 04:25:00,0.4087,66.16170369798475,245.93841776492872,5,199.39547443016738
2026-05-21 04:30:00,0.4065,63.80216375835985,245.93841776492872,5,196.7475206612915
2026-05-21 04:35:00,0.4054,62.638012657882314,245.93841776492872,5,195.42354377685362
2026-05-21 04:40:00,0.4045,61.69314025945615,245.93841776492872,5,194.34028996231356
2026-05-21 04:45:00,0.4044,61.58857393565968,245.93841776492872,5,194.2199284273646
2026-05-21 04:50:00,0.4021,59.20640223310693,245.93841776492872,5,191.45161312353991
2026-05-21 04:55:00,0.4029,60.03004706305798,245.93841776492872,5,192.4145054031311
2026-05-21 05:00:00,0.4033,60.44383548947309,245.93841776492872,5,192.8959515429267
2026-05-21 05:05:00,0.402,59.10381335986672,245.93841776492872,5,191.33125158859104
2026-05-21 05:10:00,0.4017,58.79653339458765,245.93841776492872,5,190.97016698374432
2026-05-21 05:15:00,0.4017,58.79653339458765,245.93841776492872,5,190.97016698374432
2026-05-21 05:20:00,0.4017,58.79653339458765,245.93841776492872,5,190.97016698374432
2026-05-21 05:25:00,0.4018,58.89887903683507,245.93841776492872,5,191.0905285186932
2026-05-21 05:30:00,0.4014,58.489981393374,245.93841776492872,5,190.60908237889757
2026-05-21 05:35:00,0.3996,56.66581278830084,245.93841776492872,5,188.4425747498174
2026-05-21 05:40:00,0.4003,57.37214390139806,245.93841776492872,5,189.28510549445969
2026-05-21 05:45:00,0.4022,59.309072376054964,245.93841776492872,5,191.5719746584888
2026-05-21 05:50:00,0.4019,59.001305659877445,245.93841776492872,5,191.2108900536421
2026-05-21 05:55:00,0.4018,58.89887903683507,245.93841776492872,5,191.0905285186932
2026-05-21 06:00:00,0.4014,58.489981393374,245.93841776492872,5,190.60908237889757
2026-05-21 06:05:00,0.4022,59.309072376054964,245.93841776492872,5,191.5719746584888
2026-05-21 06:10:00,0.4038,60.96292664831285,245.93841776492872,5,193.49775921767122
2026-05-21 06:15:00,0.4015,58.592084668629695,245.93841776492872,5,190.72944391384652
2026-05-21 06:20:00,0.4063,63.58973291655805,245.93841776492872,5,196.50679759139373
2026-05-21 06:25:00,0.4062,63.483645741478725,245.93841776492872,5,196.38643605644484
2026-05-21 06:30:00,0.4066,63.90850763187611,245.93841776492872,5,196.86788219624046
2026-05-21 06:35:00,0.4014,58.489981393374,245.93841776492872,5,190.60908237889757
2026-05-21 06:40:00,0.4009,57.980672077014596,245.93841776492872,5,190.00727470415308
2026-05-21 06:45:00,0.3993,56.364284867440084,245.93841776492872,5,188.08149014497067
2026-05-21 06:50:00,0.3995,56.5652247015614,245.93841776492872,5,188.32221321486853
2026-05-21 06:55:00,0.3993,56.364284867440084,245.93841776492872,5,188.08149014497067
2026-05-21 07:00:00,0.3986,55.66346732013307,245.93841776492872,5,187.23895940032838
2026-05-21 07:05:00,0.4023,59.411823885320366,245.93841776492872,5,191.6923361934377
2026-05-21 07:10:00,0.4045,61.69314025945615,245.93841776492872,5,194.34028996231356
2026-05-21 07:15:00,0.4058,63.06014960846748,245.93841776492872,5,195.90498991664924
2026-05-21 07:20:00,0.4046,61.79779021449389,245.93841776492872,5,194.46065149726246
2026-05-21 07:25:00,0.4048,62.007341419939834,245.93841776492872,5,194.70137456716023
2026-05-21 07:30:00,0.4078,65.19135423619673,245.93841776492872,5,198.31222061562724
2026-05-21 07:35:00,0.4077,65.08397419528544,245.93841776492872,5,198.19185908067837
2026-05-21 07:40:00,0.406,63.27172736722642,245.93841776492872,5,196.14571298654707
2026-05-21 07:45:00,0.4058,63.06014960846748,245.93841776492872,5,195.90498991664924
2026-05-21 07:50:00,0.405,62.21722835689937,245.93841776492872,5,194.94209763705805
2026-05-21 07:55:00,0.4057,62.954488203374694,245.93841776492872,5,195.78462838170034
2026-05-21 08:00:00,0.4053,62.53269002600379,245.93841776492872,5,195.30318224190472
2026-05-21 08:05:00,0.4046,61.79779021449389,245.93841776492872,5,194.46065149726246
2026-05-21 08:10:00,0.4065,63.80216375835985,245.93841776492872,5,196.7475206612915
2026-05-21 08:15:00,0.4047,61.9025239011444,245.93841776492872,5,194.58101303221133
2026-05-21 08:20:00,0.404,61.1711429510642,245.93841776492872,5,193.73848228756907
2026-05-21 08:25:00,0.4041,61.27537575040741,245.93841776492872,5,193.85884382251794
2026-05-21 08:30:00,0.4021,59.20640223310693,245.93841776492872,5,191.45161312353991
2026-05-21 08:35:00,0.4089,66.37830204638799,245.93841776492872,5,199.63619750006515
2026-05-21 08:40:00,0.4107,68.34366802663028,245.93841776492872,5,201.80270512914538
2026-05-21 08:45:00,0.4085,65.9454573056351,245.93841776492872,5,199.15475136026953
2026-05-21 08:50:00,0.4076,64.97668107882342,245.93841776492872,5,198.07149754572947
2026-05-21 08:55:00,0.4072,64.54837574991257,245.93841776492872,5,197.59005140593385
2026-05-21 09:00:00,0.409,66.48673347273444,245.93841776492872,5,199.75655903501402
2026-05-21 09:05:00,0.416,71.92343017351152,246.12840432386713,5,208.1818664814371
2026-05-21 09:10:00,0.4146,70.3591632357409,246.12840432386713,5,206.48398727354524
2026-05-21 09:15:00,0.4144,70.13716448368913,246.12840432386713,5,206.24143310098918
2026-05-21 09:20:00,0.4151,70.91575974004247,246.12840432386713,5,207.0903727049352
2026-05-21 09:25:00,0.4118,67.28400686057974,246.12840432386713,5,203.08822885776135
2026-05-21 09:30:00,0.4059,61.02785972520488,246.12840432386713,5,195.93288076735962
2026-05-21 09:35:00,0.4056,60.717565626272474,246.12840432386713,5,195.5690495085257
2026-05-21 09:40:00,0.4039,58.97307382696331,246.12840432386713,5,193.50733904179972
2026-05-21 09:45:00,0.4046,59.68855889533919,246.12840432386713,5,194.35627864574573
2026-05-21 09:50:00,0.4029,57.957764622714606,246.12840432386713,5,192.2945681790198
2026-05-21 09:55:00,0.4043,59.38143891374499,246.12840432386713,5,193.99244738691172
2026-05-21 10:00:00,0.4038,58.871183389358364,246.12840432386713,5,193.38606195552174
2026-05-21 10:05:00,0.4038,58.871183389358364,246.12840432386713,5,193.38606195552174
2026-05-21 10:10:00,0.4012,56.24988869012763,246.12840432386713,5,190.2328577122939
2026-05-21 10:15:00,0.4019,56.95038540955406,246.12840432386713,5,191.08179731623983
2026-05-21 10:20:00,0.4007,55.751867742134095,246.12840432386713,5,189.62647228090393
2026-05-21 10:25:00,0.398,53.09565791232068,246.12840432386713,5,186.35199095139808
2026-05-21 10:30:00,0.4016,56.64970412084781,246.12840432386713,5,190.71796605740587
2026-05-21 10:35:00,0.3988,53.876913250266355,246.12840432386713,5,187.32220764162201
2026-05-21 10:40:00,0.3994,54.46602729450611,246.12840432386713,5,188.04987015928995
2026-05-21 10:45:00,0.3977,52.80392537504848,246.12840432386713,5,185.98815969256407
2026-05-21 10:50:00,0.398,53.09565791232068,246.12840432386713,5,186.35199095139808
2026-05-21 10:55:00,0.3975,52.60981036065895,246.12840432386713,5,185.7456055200081
2026-05-21 11:00:00,0.3984,53.48568361588374,246.12840432386713,5,186.83709929651002
2026-05-21 11:05:00,0.3977,52.80392537504848,246.12840432386713,5,185.98815969256407
2026-05-21 11:10:00,0.4,55.05788174202005,246.12840432386713,5,188.77753267695797
2026-05-21 11:15:00,0.3989,53.97490942655916,246.12840432386713,5,187.4434847279
2026-05-21 11:20:00,0.3997,54.761610774151315,246.12840432386713,5,188.41370141812396
2026-05-21 11:25:00,0.3983,53.388064538810845,246.12840432386713,5,186.71582221023203
2026-05-21 11:30:00,0.3974,52.51286459869659,246.12840432386713,5,185.62432843373006
2026-05-21 11:35:00,0.3991,54.17112891291273,246.12840432386713,5,187.68603890045603
2026-05-21 11:40:00,0.4013,56.349725719313525,246.12840432386713,5,190.3541347985719
2026-05-21 11:45:00,0.4023,57.35239145109994,246.12840432386713,5,191.56690566135183
2026-05-21 11:50:00,0.4022,57.25177205875971,246.12840432386713,5,191.44562857507384
2026-05-21 11:55:00,0.4063,61.442735943087335,246.12840432386713,5,196.41798911247162
2026-05-21 12:00:00,0.409,64.27801946717004,246.12840432386713,5,199.69247044197746
2026-05-21 12:05:00,0.4064,61.5466611425745,246.12840432386713,5,196.5392661987496
2026-05-21 12:10:00,0.406,61.13145528901901,246.12840432386713,5,196.0541578536377
2026-05-21 12:15:00,0.4058,60.92434632525675,246.12840432386713,5,195.81160368108164
2026-05-21 12:20:00,0.4041,59.17709551321876,246.12840432386713,5,193.74989321435575
2026-05-21 12:25:00,0.3996,54.66300667828412,246.12840432386713,5,188.29242433184598
2026-05-21 12:30:00,0.4022,57.25177205875971,246.12840432386713,5,191.44562857507384
2026-05-21 12:35:00,0.4059,61.02785972520488,246.12840432386713,5,195.93288076735962
2026-05-21 12:40:00,0.4044,59.483731494750025,246.12840432386713,5,194.1137244731897
2026-05-21 12:45:00,0.4034,58.464422135186375,246.12840432386713,5,192.90095361040977
2026-05-21 12:50:00,0.4036,58.66764285184277,246.12840432386713,5,193.1435077829658
2026-05-21 12:55:00,0.4019,56.95038540955406,246.12840432386713,5,191.08179731623983
2026-05-21 13:00:00,0.4019,56.95038540955406,246.12840432386713,5,191.08179731623983
2026-05-21 13:05:00,0.4016,56.64970412084781,246.12840432386713,5,190.71796605740587
2026-05-21 13:10:00,0.4027,57.75565736306743,246.12840432386713,5,192.05201400646382
2026-05-21 13:15:00,0.402,57.05076913009353,246.12840432386713,5,191.20307440251787
2026-05-21 13:20:00,0.4032,58.26152048618493,246.12840432386713,5,192.6583994378538
2026-05-21 13:25:00,0.4054,60.51111241224144,246.12840432386713,5,195.32649533596967
2026-05-21 13:30:00,0.4019,56.95038540955406,246.12840432386713,5,191.08179731623983
2026-05-21 13:35:00,0.4009,55.950843644044404,246.12840432386713,5,189.8690264534599
2026-05-21 13:40:00,0.4001,55.15679192118852,246.12840432386713,5,188.89880976323596
2026-05-21 13:45:00,0.4001,55.15679192118852,246.12840432386713,5,188.89880976323596
2026-05-21 13:50:00,0.4042,59.27922695165745,246.12840432386713,5,193.87117030063374
2026-05-21 13:55:00,0.4032,58.26152048618493,246.12840432386713,5,192.6583994378538
2026-05-21 14:00:00,0.4038,58.871183389358364,246.12840432386713,5,193.38606195552174
2026-05-21 14:05:00,0.4022,57.25177205875971,246.12840432386713,5,191.44562857507384
2026-05-21 14:10:00,0.402,57.05076913009353,246.12840432386713,5,191.20307440251787
2026-05-21 14:15:00,0.4007,55.751867742134095,246.12840432386713,5,189.62647228090393
2026-05-21 14:20:00,0.3986,53.6811475935889,246.12840432386713,5,187.07965346906605
2026-05-21 14:25:00,0.4006,55.65249575883643,246.12840432386713,5,189.50519519462594
2026-05-21 14:30:00,0.4004,55.45398327731543,246.12840432386713,5,189.26264102206991
2026-05-21 14:35:00,0.3986,53.6811475935889,246.12840432386713,5,187.07965346906605
2026-05-21 14:40:00,0.3974,52.51286459869659,246.12840432386713,5,185.62432843373006
2026-05-21 14:45:00,0.3985,53.58337793846538,246.12840432386713,5,186.95837638278806
2026-05-21 14:50:00,0.3988,53.876913250266355,246.12840432386713,5,187.32220764162201
2026-05-21 14:55:00,0.4,55.05788174202005,246.12840432386713,5,188.77753267695797
2026-05-21 15:00:00,0.401,56.05044774317386,246.12840432386713,5,189.99030353973794
2026-05-21 15:05:00,0.3998,54.86029125750731,246.12840432386713,5,188.53497850440195
2026-05-21 15:10:00,0.4035,58.56599256303797,246.12840432386713,5,193.0222306966878
2026-05-21 15:15:00,0.4046,59.68855889533919,246.12840432386713,5,194.35627864574573
2026-05-21 15:20:00,0.4078,63.010337783343005,246.12840432386713,5,198.23714540664156
2026-05-21 15:25:00,0.4111,66.52611735618358,246.12840432386713,5,202.2392892538154
2026-05-21 15:30:00,0.4108,66.20262169317746,246.12840432386713,5,201.8754579949814
2026-05-21 15:35:00,0.4108,66.20262169317746,246.12840432386713,5,201.8754579949814
2026-05-21 15:40:00,0.4109,66.31036629167245,246.12840432386713,5,201.99673508125937
2026-05-21 15:45:00,0.4141,69.80484909766535,246.12840432386713,5,205.87760184215526
2026-05-21 15:50:00,0.4125,68.04621890198882,246.12840432386713,5,203.93716846170727
2026-05-21 15:55:00,0.4089,64.17191277125583,246.12840432386713,5,199.57119335569948
2026-05-21 16:00:00,0.4089,64.17191277125583,246.12840432386713,5,199.57119335569948
2026-05-21 16:05:00,0.4084,63.642654775137885,246.12840432386713,5,198.9648079243095
2026-05-21 16:10:00,0.4093,64.59685159482713,246.12840432386713,5,200.05630170081147
2026-05-21 16:15:00,0.4075,62.69531533052691,246.12840432386713,5,197.87331414780755
2026-05-21 16:20:00,0.4078,63.010337783343005,246.12840432386713,5,198.23714540664156
2026-05-21 16:25:00,0.4092,64.49048877604065,246.12840432386713,5,199.9350246145335
2026-05-21 16:30:00,0.4104,65.77251372282964,246.12840432386713,5,201.3903496498694
2026-05-21 16:35:00,0.4071,62.2764574071735,246.12840432386713,5,197.3882058026956
2026-05-21 16:40:00,0.4068,61.96318947527125,246.12840432386713,5,197.0243745438616
2026-05-21 16:45:00,0.4098,65.12995146380382,246.12840432386713,5,200.66268713220146
2026-05-21 16:50:00,0.4128,68.37421360633313,246.12840432386713,5,204.30099972054128
2026-05-21 16:55:00,0.4158,71.69885613831195,246.12840432386713,5,207.93931230888114
2026-05-21 17:00:00,0.4166,108.17714990012686,196.44734085313078,4,208.9095289991051
2026-05-21 17:05:00,0.415,69.26208190090686,246.44734085313078,5,207.3490772231797
2026-05-21 17:10:00,0.4241,100.0,50.0,1,218.46805452882
2026-05-21 17:15:00,0.4263,41450.283822905694,100.0,2,219.03470121587895
2026-05-21 17:20:00,0.4263,41450.283822905694,100.0,2,219.03470121587895
2026-05-21 17:25:00,0.422,189.77681273704053,150.00000000000003,3,216.82534345085836
2026-05-21 17:30:00,0.4206,94.37513237257106,200.0,4,215.7436298987224
2026-05-21 17:35:00,0.4235,98.37393821752867,200.0,4,218.73748126543632
2026-05-21 17:40:00,0.4218,96.0167384415891,200.0,4,216.98246494701783
2026-05-21 17:45:00,0.4193,92.61714981435559,200.0,4,214.4015585964024
2026-05-21 17:50:00,0.4257,101.48073933748243,200.0,4,221.00867885397795
2026-05-21 17:55:00,0.4246,99.91929331786328,200.0,4,219.8730800597071
2026-05-21 18:00:00,0.4229,97.53771067418043,200.0,4,218.1180637412886
2026-05-21 18:05:00,0.4224,96.84442658274575,200.0,4,217.60188247116554
2026-05-21 18:10:00,0.4234,98.23424069488888,200.0,4,218.6342450114117
2026-05-21 18:15:00,0.4244,99.6371301369459,200.0,4,219.6666075516579
2026-05-21 18:20:00,0.4235,98.37393821752867,200.0,4,218.73748126543632
2026-05-21 18:25:00,0.4223,96.7061572802046,200.0,4,217.49864621714093
2026-05-21 18:30:00,0.4209,94.78382456173286,200.0,4,216.05333866079627
2026-05-21 18:35:00,0.4203,93.96757184695772,200.0,4,215.43392113664856
2026-05-21 18:40:00,0.4214,95.46750584972438,200.0,4,216.56951993091934
2026-05-21 18:45:00,0.4166,89.03222444238314,200.0,4,211.61417973773774
2026-05-21 18:50:00,0.4117,82.74572747410541,200.0,4,206.55560329053145
2026-05-21 18:55:00,0.4154,87.46696701859345,200.0,4,210.37534468944227
2026-05-21 19:00:00,0.4127,84.00637726815823,200.0,4,207.58796583077762
2026-05-21 19:05:00,0.4157,87.85668984416714,200.0,4,210.68505345151615
2026-05-21 19:10:00,0.415,86.94897516435029,200.0,4,209.9623996733438
2026-05-21 19:15:00,0.4157,87.85668984416714,200.0,4,210.68505345151615
2026-05-21 19:20:00,0.4148,86.69067864116407,200.0,4,209.7559271652946
2026-05-21 19:25:00,0.4161,88.37796701816785,200.0,4,211.09799846761464
2026-05-21 19:30:00,0.4165,88.9011355698418,200.0,4,211.51094348371308
2026-05-21 19:35:00,0.4165,88.9011355698418,200.0,4,211.51094348371308
2026-05-21 19:40:00,0.4198,93.2908063751801,200.0,4,214.9177398665255
2026-05-21 19:45:00,0.4179,90.7472696674557,200.0,4,212.95625104005774
2026-05-21 19:50:00,0.4194,92.75163344239556,200.0,4,214.504794850427
2026-05-21 19:55:00,0.4173,89.95318813166978,200.0,4,212.33683351591003
2026-05-21 20:00:00,0.4189,92.08044861208361,200.0,4,213.9886135803039
2026-05-21 20:05:00,0.4194,92.75163344239556,200.0,4,214.504794850427
2026-05-21 20:10:00,0.4196,93.02097188285,200.0,4,214.71126735847622
2026-05-21 20:15:00,0.4194,92.75163344239556,200.0,4,214.504794850427
2026-05-21 20:20:00,0.4235,98.37393821752867,200.0,4,218.73748126543632
2026-05-21 20:25:00,0.4234,98.23424069488888,200.0,4,218.6342450114117
2026-05-21 20:30:00,0.4236,98.51376667445277,200.0,4,218.84071751946092
2026-05-21 20:35:00,0.4225,96.98282481630608,200.0,4,217.70511872519015
2026-05-21 20:40:00,0.4245,99.77814533160134,200.0,4,219.76984380568248
2026-05-21 20:45:00,0.4265,102.62658718392818,200.0,4,221.83456888617485
2026-05-21 20:50:00,0.4235,98.37393821752867,200.0,4,218.73748126543632
2026-05-21 20:55:00,0.422,96.29212115953897,200.0,4,217.18893745506705
2026-05-21 21:00:00,0.4217,95.87923895512026,200.0,4,216.87922869299322
2026-05-21 21:05:00,0.4214,95.46750584972438,200.0,4,216.56951993091934
2026-05-21 21:10:00,0.4202,93.83196900717822,200.0,4,215.33068488262396
2026-05-21 21:15:00,0.4216,95.74186714610018,200.0,4,216.77599243896856
2026-05-21 21:20:00,0.4218,96.0167384415891,200.0,4,216.98246494701783
2026-05-21 21:25:00,0.4217,95.87923895512026,200.0,4,216.87922869299322
2026-05-21 21:30:00,0.4161,88.37796701816785,200.0,4,211.09799846761464
2026-05-21 21:35:00,0.4167,89.16343233206416,200.0,4,211.71741599176232
2026-05-21 21:40:00,0.4187,91.81283562388884,200.0,4,213.7821410722547
2026-05-21 21:45:00,0.4199,93.42591006924546,200.0,4,215.02097612055007
2026-05-21 21:50:00,0.4211,95.05691705290396,200.0,4,216.2598111688455
2026-05-21 21:55:00,0.4231,97.815931896167,200.0,4,218.32453624933783
2026-05-21 22:00:00,0.4247,100.06057428339159,200.0,4,219.97631631373176
2026-05-21 22:05:00,0.4254,101.0532802994647,200.0,4,220.69897009190407
2026-05-21 22:10:00,0.4222,96.56801672859937,200.0,4,217.39540996311632
2026-05-21 22:15:00,0.4218,96.0167384415891,200.0,4,216.98246494701783
2026-05-21 22:20:00,0.42,93.56113829104804,200.0,4,215.12421237457468
2026-05-21 22:25:00,0.4213,95.3305160078512,200.0,4,216.46628367689476
2026-05-21 22:30:00,0.4216,95.74186714610018,200.0,4,216.77599243896856
2026-05-21 22:35:00,0.4187,91.81283562388884,200.0,4,213.7821410722547
2026-05-21 22:40:00,0.4213,95.3305160078512,200.0,4,216.46628367689476
2026-05-21 22:45:00,0.4199,93.42591006924546,200.0,4,215.02097612055007
2026-05-21 22:50:00,0.4189,92.08044861208361,200.0,4,213.9886135803039
2026-05-21 22:55:00,0.4181,91.0129309357684,200.0,4,213.162723548107
2026-05-21 23:00:00,0.4174,90.08523369833864,200.0,4,212.44006976993464
2026-05-21 23:05:00,0.4184,91.41233436148384,200.0,4,213.4724323101808
2026-05-21 23:10:00,0.4158,87.98683238217535,200.0,4,210.78828970554076
2026-05-21 23:15:00,0.4163,88.63931422901126,200.0,4,211.30447097566386
2026-05-21 23:20:00,0.4142,85.91857161843183,200.0,4,209.1365096411469
2026-05-21 23:25:00,0.4135,85.0230199303421,200.0,4,208.41385586297451
2026-05-21 23:30:00,0.4142,85.91857161843183,200.0,4,209.1365096411469
2026-05-21 23:35:00,0.4153,87.33729380968198,200.0,4,210.27210843541766
2026-05-21 23:40:00,0.4154,87.46696701859345,200.0,4,210.37534468944227
2026-05-21 23:45:00,0.4156,87.72666487701848,200.0,4,210.58181719749155
2026-05-21 23:50:00,0.4152,87.20773753635847,200.0,4,210.16887218139306
2026-05-21 23:55:00,0.4141,85.79029126417242,200.0,4,209.03327338712228
2026-05-22 00:00:00,0.4132,84.64092713275659,200.0,4,208.10414710090072
2026-05-22 00:05:00,0.4138,85.40613992489278,200.0,4,208.7235646250484
2026-05-22 00:10:00,0.4121,83.24864201518992,200.0,4,206.96854830662994
2026-05-22 00:15:00,0.414,85.66212596693367,200.0,4,208.9300371330976
2026-05-22 00:20:00,0.4141,85.79029126417242,200.0,4,209.03327338712228
2026-05-22 00:25:00,0.4118,82.87128860944296,200.0,4,206.65883954455606
2026-05-22 00:30:00,0.4129,84.25985740658393,200.0,4,207.79443833882684
2026-05-22 00:35:00,0.4112,82.11959012007105,200.0,4,206.03942202040835
2026-05-22 00:40:00,0.4119,82.99696131218145,200.0,4,206.76207579858067
2026-05-22 00:45:00,0.4119,82.99696131218145,200.0,4,206.76207579858067
2026-05-22 00:50:00,0.4112,82.11959012007105,200.0,4,206.03942202040835
2026-05-22 00:55:00,0.4099,80.50453703869941,200.0,4,204.6973507180883
2026-05-22 01:00:00,0.4089,79.27471626859266,200.0,4,203.66498817784213
2026-05-22 01:05:00,0.4105,81.24764231514715,200.0,4,205.31676824223598
2026-05-22 01:10:00,0.4139,85.53407557198997,200.0,4,208.826800879073
2026-05-22 01:15:00,0.4127,84.00637726815823,200.0,4,207.58796583077762
2026-05-22 01:20:00,0.411,81.8699109729233,200.0,4,205.83294951235908
2026-05-22 01:25:00,0.4124,83.62700355297135,200.0,4,207.27825706870374
2026-05-22 01:30:00,0.4153,87.33729380968198,200.0,4,210.27210843541766
2026-05-22 01:35:00,0.4144,86.17547811830615,200.0,4,209.3429821491961
2026-05-22 01:40:00,0.4156,87.72666487701848,200.0,4,210.58181719749155
2026-05-22 01:45:00,0.4174,90.08523369833864,200.0,4,212.44006976993464
2026-05-22 01:50:00,0.4168,89.29475940104417,200.0,4,211.82065224578693
2026-05-22 01:55:00,0.4175,90.21739958771082,200.0,4,212.54330602395925
2026-05-22 02:00:00,0.4202,93.83196900717822,200.0,4,215.33068488262396
2026-05-22 02:05:00,0.4204,94.10329990537986,200.0,4,215.53715739067317
2026-05-22 02:10:00,0.4176,90.34968596432223,200.0,4,212.6465422779839
2026-05-22 02:15:00,0.4156,87.72666487701848,200.0,4,210.58181719749155
2026-05-22 02:20:00,0.4142,85.91857161843183,200.0,4,209.1365096411469
2026-05-22 02:25:00,0.4146,86.43284670993268,200.0,4,209.54945465724538
2026-05-22 02:30:00,0.4148,86.69067864116407,200.0,4,209.7559271652946
2026-05-22 02:35:00,0.4147,86.56170467993154,200.0,4,209.65269091126999
2026-05-22 02:40:00,0.4121,83.24864201518992,200.0,4,206.96854830662994
2026-05-22 02:45:00,0.4128,84.13306080385154,200.0,4,207.69120208480223
2026-05-22 02:50:00,0.412,83.12274573108685,200.0,4,206.86531205260525
2026-05-22 02:55:00,0.4133,84.76817752074142,200.0,4,208.20738335492533
2026-05-22 03:00:00,0.4149,86.81976875031476,200.0,4,209.8591634193192
2026-05-22 03:05:00,0.4132,84.64092713275659,200.0,4,208.10414710090072
2026-05-22 03:10:00,0.4123,83.50077077643732,200.0,4,207.17502081467913
2026-05-22 03:15:00,0.4108,81.62067337295021,200.0,4,205.62647700430986
2026-05-22 03:20:00,0.4101,80.7518020987659,200.0,4,204.90382322613758
2026-05-22 03:25:00,0.4106,81.37187614989983,200.0,4,205.42000449626065
2026-05-22 03:30:00,0.4103,80.99950347229175,200.0,4,205.1102957341868
2026-05-22 03:35:00,0.41,80.62811510163294,200.0,4,204.8005869721129
2026-05-22 03:40:00,0.4102,80.87559817420006,200.0,4,205.00705948016218
2026-05-22 03:45:00,0.4114,82.36971198879534,200.0,4,206.24589452845757
2026-05-22 03:50:00,0.4114,82.36971198879534,200.0,4,206.24589452845757
2026-05-22 03:55:00,0.4115,82.49493931188869,200.0,4,206.34913078248218
2026-05-22 04:00:00,0.4122,83.37465031378616,200.0,4,207.07178456065452
2026-05-22 04:05:00,0.413,84.38676722779417,200.0,4,207.89767459285144
2026-05-22 04:10:00,0.4141,85.79029126417242,200.0,4,209.03327338712228
2026-05-22 04:15:00,0.4146,86.43284670993268,200.0,4,209.54945465724538
2026-05-22 04:20:00,0.4144,86.17547811830615,200.0,4,209.3429821491961
2026-05-22 04:25:00,0.412,83.12274573108685,200.0,4,206.86531205260525
2026-05-22 04:30:00,0.4127,84.00637726815823,200.0,4,207.58796583077762
2026-05-22 04:35:00,0.4115,82.49493931188869,200.0,4,206.34913078248218
2026-05-22 04:40:00,0.4131,84.51379041919161,200.0,4,208.0009108468761
2026-05-22 04:45:00,0.4117,82.74572747410541,200.0,4,206.55560329053145
2026-05-22 04:50:00,0.4122,83.37465031378616,200.0,4,207.07178456065452
2026-05-22 04:55:00,0.4127,84.00637726815823,200.0,4,207.58796583077762
2026-05-22 05:00:00,0.4107,81.49621978728882,200.0,4,205.52324075028525
2026-05-22 05:05:00,0.4122,83.37465031378616,200.0,4,207.07178456065452
2026-05-22 05:10:00,0.4105,81.24764231514715,200.0,4,205.31676824223598
2026-05-22 05:15:00,0.4102,80.87559817420006,200.0,4,205.00705948016218
2026-05-22 05:20:00,0.4082,78.42023848720945,200.0,4,202.94233439966982
2026-05-22 05:25:00,0.4091,79.51981695764394,200.0,4,203.87146068589138
2026-05-22 05:30:00,0.4093,79.76534824147379,200.0,4,204.0779331939406
2026-05-22 05:35:00,0.4105,81.24764231514715,200.0,4,205.31676824223598
2026-05-22 05:40:00,0.4098,80.38106776611698,200.0,4,204.5941144640637
2026-05-22 05:45:00,0.4113,82.24459564067338,200.0,4,206.14265827443296
2026-05-22 05:50:00,0.4098,80.38106776611698,200.0,4,204.5941144640637
2026-05-22 05:55:00,0.4092,79.6425287043234,200.0,4,203.974696939916
2026-05-22 06:00:00,0.4094,79.88827571118286,200.0,4,204.1811694479652
2026-05-22 06:05:00,0.4089,79.27471626859266,200.0,4,203.66498817784213
2026-05-22 06:10:00,0.4077,77.81309152438914,200.0,4,202.42615312954672
2026-05-22 06:15:00,0.4073,77.32927718887599,200.0,4,202.01320811344826
2026-05-22 06:20:00,0.4072,77.20858679278831,200.0,4,201.90997185942365
2026-05-22 06:25:00,0.4081,78.29859688498782,200.0,4,202.8390981456452
2026-05-22 06:30:00,0.4073,77.32927718887599,200.0,4,202.01320811344826
2026-05-22 06:35:00,0.4065,76.36668637651684,200.0,4,201.18731808125128
2026-05-22 06:40:00,0.4075,77.57097353115383,200.0,4,202.21968062149745
2026-05-22 06:45:00,0.4083,78.54198647264586,200.0,4,203.04557065369443
2026-05-22 06:50:00,0.4084,78.6638409809163,200.0,4,203.14880690771903
2026-05-22 06:55:00,0.4081,78.29859688498782,200.0,4,202.8390981456452
2026-05-22 07:00:00,0.4074,77.45007272251674,200.0,4,202.11644436747287
2026-05-22 07:05:00,0.4063,76.12708185771704,200.0,4,200.98084557320206
2026-05-22 07:10:00,0.4053,74.93526433845267,200.0,4,199.9484830329559
2026-05-22 07:15:00,0.4069,76.84714505899511,200.0,4,201.60026309734977
2026-05-22 07:20:00,0.4065,76.36668637651684,200.0,4,201.18731808125128
2026-05-22 07:25:00,0.4076,77.6919797524703,200.0,4,202.3229168755221
2026-05-22 07:30:00,0.4074,77.45007272251674,200.0,4,202.11644436747287
2026-05-22 07:35:00,0.4085,78.78580215188448,200.0,4,203.25204316174364
2026-05-22 07:40:00,0.4093,79.76534824147379,200.0,4,204.0779331939406
2026-05-22 07:45:00,0.4088,79.15232704328966,200.0,4,203.56175192381752
2026-05-22 07:50:00,0.4094,79.88827571118286,200.0,4,204.1811694479652
2026-05-22 07:55:00,0.4092,79.6425287043234,200.0,4,203.974696939916
2026-05-22 08:00:00,0.4111,81.99469527979774,200.0,4,205.93618576638374
2026-05-22 08:05:00,0.4094,79.88827571118286,200.0,4,204.1811694479652
2026-05-22 08:10:00,0.4094,79.88827571118286,200.0,4,204.1811694479652
2026-05-22 08:15:00,0.4107,81.49621978728882,200.0,4,205.52324075028525
2026-05-22 08:20:00,0.4116,82.62027775766686,200.0,4,206.45236703650684
2026-05-22 08:25:00,0.4127,84.00637726815823,200.0,4,207.58796583077762
2026-05-22 08:30:00,0.4115,82.49493931188869,200.0,4,206.34913078248218
2026-05-22 08:35:00,0.4109,81.74523705277772,200.0,4,205.72971325833447
2026-05-22 08:40:00,0.4148,86.69067864116407,200.0,4,209.7559271652946
2026-05-22 08:45:00,0.4201,93.69649121283669,200.0,4,215.2274486285993
2026-05-22 08:50:00,0.4316,217.94608181901444,147.613261569347,3,227.09961784143033
2026-05-22 08:55:00,0.4276,100.66910453303903,197.613261569347,4,224.0072844981377
2026-05-22 09:00:00,0.4278,100.9515726461856,197.613261569347,4,224.21424209356664
2026-05-22 09:05:00,0.4361,100.0,98.31062335000834,2,232.80298230386535
2026-05-22 09:10:00,0.4361,100.0,98.31062335000834,2,232.80298230386535
2026-05-22 09:15:00,0.4338,202.19344543749904,148.31062335000834,3,231.59581312207456
2026-05-22 09:20:00,0.4371,103.0844073323349,198.31062335000834,4,234.20888912156386
2026-05-22 09:25:00,0.4365,102.24184582060525,198.31062335000834,4,233.57480277057894
2026-05-22 09:30:00,0.428,60.71911104843426,248.31062335000834,5,224.59191279829244
2026-05-22 09:35:00,0.4251,57.91050528431953,248.31062335000834,5,220.74241320576306
2026-05-22 09:40:00,0.428,60.71911104843426,248.31062335000834,5,224.59191279829244
2026-05-22 09:45:00,0.428,60.71911104843426,248.31062335000834,5,224.59191279829244
2026-05-22 09:50:00,0.4266,59.35563511456922,248.31062335000834,5,222.73353368465757
2026-05-22 09:55:00,0.4264,59.16201613810763,248.31062335000834,5,222.46805095413833
2026-05-22 10:00:00,0.4282,60.91506449340868,248.31062335000834,5,224.85739552881176
2026-05-22 10:05:00,0.425,57.81473568850134,248.31062335000834,5,220.60967184050344
2026-05-22 10:10:00,0.4302,62.89092202128287,248.31062335000834,5,227.5122228340044
2026-05-22 10:15:00,0.4233,56.19746627155296,248.31062335000834,5,218.3530686310897
2026-05-22 10:20:00,0.4257,58.486620356015464,248.31062335000834,5,221.53886139732091
2026-05-22 10:25:00,0.4274,60.13301273216324,248.31062335000834,5,223.79546460673467
2026-05-22 10:30:00,0.4265,59.25878947683806,248.31062335000834,5,222.60079231939795
2026-05-22 10:35:00,0.4268,59.54954361136199,248.31062335000834,5,222.99901641517687
2026-05-22 10:40:00,0.4304,63.09015492649297,248.31062335000834,5,227.77770556452364
2026-05-22 10:45:00,0.4307,63.389571139061054,248.31062335000834,5,228.1759296603026
2026-05-22 10:50:00,0.4269,59.646606632890844,248.31062335000834,5,223.1317577804365
2026-05-22 10:55:00,0.4253,58.102258085963264,248.31062335000834,5,221.00789593628238
2026-05-22 11:00:00,0.4277,60.425732131408836,248.31062335000834,5,224.19368870251358
2026-05-22 11:05:00,0.4279,60.62124465880366,248.31062335000834,5,224.45917143303282
2026-05-22 11:10:00,0.4271,59.840950629293864,248.31062335000834,5,223.39724051095573
2026-05-22 11:15:00,0.4251,57.91050528431953,248.31062335000834,5,220.74241320576306
2026-05-22 11:20:00,0.4253,58.102258085963264,248.31062335000834,5,221.00789593628238
2026-05-22 11:25:00,0.4217,54.693756582787024,248.31062335000834,5,216.2292067869356
2026-05-22 11:30:00,0.4222,55.161766212282814,248.31062335000834,5,216.89291361323376
2026-05-22 11:35:00,0.4252,58.006346057014014,248.31062335000834,5,220.87515457102276
2026-05-22 11:40:00,0.4255,58.294296230730716,248.31062335000834,5,221.27337866680162
2026-05-22 11:45:00,0.4275,60.23051272282102,248.31062335000834,5,223.9282059719943
2026-05-22 11:50:00,0.4276,60.328085828478194,248.31062335000834,5,224.0609473372539
2026-05-22 11:55:00,0.4275,60.23051272282102,248.31062335000834,5,223.9282059719943
2026-05-22 12:00:00,0.4289,61.60322727088615,248.31062335000834,5,225.78658508562916
2026-05-22 12:05:00,0.4288,61.50469613812232,248.31062335000834,5,225.65384372036954
2026-05-22 12:10:00,0.429,61.7018326818073,248.31062335000834,5,225.91932645088878
2026-05-22 12:15:00,0.4314,64.0908663649253,248.31062335000834,5,229.10511921711998
2026-05-22 12:20:00,0.4332,65.91146340553361,248.31062335000834,5,231.49446379179335
2026-05-22 12:25:00,0.4334,66.11530264512946,248.31062335000834,5,231.75994652231265
2026-05-22 12:30:00,0.4373,105.64367497481322,196.1792367821647,4,236.93685976743834
2026-05-22 12:35:00,0.4393,70.83529289654459,246.17923678216474,5,239.0504809373881
2026-05-22 12:40:00,0.4425,107.68435083687369,195.72089277573,4,243.28509642337676
2026-05-22 12:45:00,0.4465,219.62143237517947,146.7994167368732,3,247.5548985991351
2026-05-22 12:50:00,0.4473,100.0,98.07106995522034,2,248.20350770919507
2026-05-22 12:55:00,0.4524,100.0,99.0357470473661,2,250.97920633840496
2026-05-22 13:00:00,0.4612,100.0,50.0,1,255.81443504062662
2026-05-22 13:05:00,0.4685,100.0,100.0,2,257.8389855347686
2026-05-22 13:10:00,0.4678,100.0,100.0,2,257.45374051902826
2026-05-22 13:15:00,0.467,199.21289872154543,149.99999999999997,3,257.0134605010394
2026-05-22 13:20:00,0.4615,94.20433139400097,200.0,4,252.48013345796133
2026-05-22 13:25:00,0.4639,97.2059530660184,200.0,4,255.12348549349025
2026-05-22 13:30:00,0.4613,93.95693070413729,200.0,4,252.25985412166722
2026-05-22 13:35:00,0.4723,213.08831678411565,147.6815480055231,3,264.37521761784154
2026-05-22 13:40:00,0.4665,97.69749166903658,197.6815480055231,4,259.59514101192866
2026-05-22 13:45:00,0.4629,62.09441500983751,247.6815480055231,5,255.61770376907933
2026-05-22 13:50:00,0.4609,60.27162062277721,247.6815480055231,5,252.8422654085615
2026-05-22 13:55:00,0.4588,58.38477600854851,247.6815480055231,5,249.92805513001778
2026-05-22 14:00:00,0.4541,54.25938726250836,247.6815480055231,5,243.4057749828009
2026-05-22 14:05:00,0.4546,54.691986136347424,247.6815480055231,5,244.09963457293034
2026-05-22 14:10:00,0.4565,56.34937435325632,247.6815480055231,5,246.7363010154223
2026-05-22 14:15:00,0.4514,51.94851643732093,247.6815480055231,5,239.65893319610183
2026-05-22 14:20:00,0.4524,52.799480238347584,247.6815480055231,5,241.04665237636075
2026-05-22 14:25:00,0.4527,53.05589143650903,247.6815480055231,5,241.46296813043838
2026-05-22 14:30:00,0.4538,54.00053260588557,247.6815480055231,5,242.98945922872318
2026-05-22 14:35:00,0.4603,59.72971605541646,247.6815480055231,5,252.00963390040616
2026-05-22 14:40:00,0.4612,60.543421771290284,247.6815480055231,5,253.2585811626392
2026-05-22 14:45:00,0.4574,57.14200507509838,247.6815480055231,5,247.98524827765527
2026-05-22 14:50:00,0.4595,59.01067713446911,247.6815480055231,5,250.89945855619908
2026-05-22 14:55:00,0.4581,57.761892579302696,247.6815480055231,5,248.95665170383657
2026-05-22 15:00:00,0.4586,58.206502342299906,247.6815480055231,5,249.65051129396602
2026-05-22 15:05:00,0.4573,57.05369302277315,247.6815480055231,5,247.84647635962938
2026-05-22 15:10:00,0.4541,54.25938726250836,247.6815480055231,5,243.4057749828009
2026-05-22 15:15:00,0.4549,54.952252768666334,247.6815480055231,5,244.51595032700806
2026-05-22 15:20:00,0.4459,47.368759283502165,247.6815480055231,5,232.02647770467777
2026-05-22 15:25:00,0.4488,49.76258948060587,247.6815480055231,5,236.05086332742857
2026-05-22 15:30:00,0.4522,52.6288279235821,247.6815480055231,5,240.7691085403089
2026-05-22 15:35:00,0.4458,47.28703157991202,247.6815480055231,5,231.88770578665182
2026-05-22 15:40:00,0.4428,44.86006574971438,247.6815480055231,5,227.72454824587513
2026-05-22 15:45:00,0.4437,45.58313870948013,247.6815480055231,5,228.9734955081081
2026-05-22 15:50:00,0.4448,46.47271496813323,247.6815480055231,5,230.4999866063929
2026-05-22 15:55:00,0.4436,45.50258645097925,247.6815480055231,5,228.8347235900822
2026-05-22 16:00:00,0.4447,46.39157817991088,247.6815480055231,5,230.361214688367
2026-05-22 16:05:00,0.4446,46.310494793234355,247.6815480055231,5,230.22244277034113
2026-05-22 16:10:00,0.4434,45.34164035884072,247.6815480055231,5,228.55717975403047
2026-05-22 16:15:00,0.4399,42.558856031659424,247.6815480055231,5,223.70016262312424
2026-05-22 16:20:00,0.439,41.85345669312505,247.6815480055231,5,222.4512153608912
2026-05-22 16:25:00,0.442,44.22089943445637,247.6815480055231,5,226.61437290166796
2026-05-22 16:30:00,0.4433,45.26124642137715,247.6815480055231,5,228.41840783600458
2026-05-22 16:35:00,0.4436,45.50258645097925,247.6815480055231,5,228.8347235900822
2026-05-22 16:40:00,0.4434,45.34164035884072,247.6815480055231,5,228.55717975403047
2026-05-22 16:45:00,0.4466,47.94236932024526,247.6815480055231,5,232.99788113085899
2026-05-22 16:50:00,0.4457,47.205357862213084,247.6815480055231,5,231.74893386862593
2026-05-22 16:55:00,0.4451,46.71644627015087,247.6815480055231,5,230.9163023604706
2026-05-22 17:00:00,0.4479,49.0147333718774,247.6815480055231,5,234.8019160651956
2026-05-22 17:05:00,0.448,49.09760725785439,247.6815480055231,5,234.9406879832215
2026-05-22 17:10:00,0.4462,47.614266845416715,247.6815480055231,5,232.4427934587554
2026-05-22 17:15:00,0.4398,42.48027519364659,247.6815480055231,5,223.56139070509838
2026-05-22 17:20:00,0.4385,41.46333813755017,247.6815480055231,5,221.75735577076173
2026-05-22 17:25:00,0.4425,44.61998670257728,247.6815480055231,5,227.3082324917974
2026-05-22 17:30:00,0.4419,44.141238192462815,247.6815480055231,5,226.4756009836421
2026-05-22 17:35:00,0.444,45.82511295909609,247.6815480055231,5,229.3898112621858
2026-05-22 17:40:00,0.4448,46.47271496813323,247.6815480055231,5,230.4999866063929
2026-05-22 17:45:00,0.4389,41.77533216781495,247.6815480055231,5,222.31244344286534
2026-05-22 17:50:00,0.4386,41.541261132071696,247.6815480055231,5,221.8961276887876
2026-05-22 17:55:00,0.4364,39.83849110249913,247.6815480055231,5,218.843145492218
2026-05-22 18:00:00,0.4344,38.311218817793474,247.6815480055231,5,216.0677071317002
2026-05-22 18:05:00,0.4331,37.32887948636742,247.6815480055231,5,214.26367219736355
2026-05-22 18:10:00,0.4316,36.20542670716074,247.6815480055231,5,212.18209342697517
2026-05-22 18:15:00,0.4329,37.178468711274334,247.6815480055231,5,213.9861283613118
2026-05-22 18:20:00,0.4319,36.429265555639,247.6815480055231,5,212.5984091810529
2026-05-22 18:25:00,0.4281,33.624948250702495,247.6815480055231,5,207.32507629606897
2026-05-22 18:30:00,0.4155,24.78440320295535,247.6815480055231,5,189.8398146248066
2026-05-22 18:35:00,0.4095,20.805616619032364,247.6815480055231,5,181.51349954325306
2026-05-22 18:40:00,0.4066,18.932599905580773,247.6815480055231,5,177.48911392050223
2026-05-22 18:45:00,0.4032,16.776717386339087,247.6815480055231,5,172.7708687076219
2026-05-22 18:50:00,0.3984,13.804410573306708,247.6815480055231,5,166.10981664237906
2026-05-22 18:55:00,0.3997,14.601332047515783,247.6815480055231,5,167.91385157671567
2026-05-22 19:00:00,0.3964,12.589869169956161,247.6815480055231,5,163.33437828186123
2026-05-22 19:05:00,0.3949,11.687980093885669,247.6815480055231,5,161.25279951147283
2026-05-22 19:10:00,0.397,12.952780254743152,247.6815480055231,5,164.16700979001664
2026-05-22 19:15:00,0.395,11.74786789245266,247.6815480055231,5,161.3915714294988
2026-05-22 19:20:00,0.3965,12.65026842803204,247.6815480055231,5,163.4731501998872
2026-05-22 19:25:00,0.3988,14.048986062188472,247.6815480055231,5,166.66490431448264
2026-05-22 19:30:00,0.3915,9.671758979007718,247.6815480055231,5,156.53455429859258
2026-05-22 19:35:00,0.3935,10.853093828886633,247.6815480055231,5,159.30999265911043
2026-05-22 19:40:00,0.3926,10.319849979902902,247.6815480055231,5,158.06104539687738
2026-05-22 19:45:00,0.3917,9.7892964561843,247.6815480055231,5,156.81209813464432
2026-05-22 19:50:00,0.3911,9.437078694809657,247.6815480055231,5,155.979466626489
2026-05-22 19:55:00,0.3914,9.61303961563714,247.6815480055231,5,156.3957823805667
2026-05-22 20:00:00,0.3955,12.047815883797796,247.6815480055231,5,162.08543101962826
2026-05-22 20:05:00,0.3959,12.288386807481949,247.6815480055231,5,162.64051869173176
2026-05-22 20:10:00,0.3943,11.329363486000958,247.6815480055231,5,160.42016800331749
2026-05-22 20:15:00,0.3951,11.807789585843112,247.6815480055231,5,161.53034334752468
2026-05-22 20:20:00,0.3955,12.047815883797796,247.6815480055231,5,162.08543101962826
2026-05-22 20:25:00,0.3951,11.807789585843112,247.6815480055231,5,161.53034334752468
2026-05-22 20:30:00,0.3917,9.7892964561843,247.6815480055231,5,156.81209813464432
2026-05-22 20:35:00,0.3931,10.615763115286004,247.6815480055231,5,158.75490498700685
2026-05-22 20:40:00,0.3939,11.090960014369736,247.6815480055231,5,159.86508033121393
2026-05-22 20:45:00,0.3957,12.168033151635974,247.6815480055231,5,162.36297485568002
2026-05-22 20:50:00,0.3931,10.615763115286004,247.6815480055231,5,158.75490498700685
2026-05-22 20:55:00,0.3946,11.508519779779448,247.6815480055231,5,160.83648375739523
2026-05-22 21:00:00,0.3937,10.97195987444304,247.6815480055231,5,159.58753649516217
2026-05-22 21:05:00,0.3918,9.848114625363193,247.6815480055231,5,156.9508700526702
2026-05-22 21:10:00,0.3913,9.554353132214741,247.6815480055231,5,156.25701046254073
2026-05-22 21:15:00,0.3886,7.9821465458291305,247.6815480055231,5,152.5101686758417
2026-05-22 21:20:00,0.3906,9.144466071541244,247.6815480055231,5,155.28560703635952
2026-05-22 21:25:00,0.3918,9.848114625363193,247.6815480055231,5,156.9508700526702
2026-05-22 21:30:00,0.3887,8.039955606492242,247.6815480055231,5,152.64894059386756
2026-05-22 21:35:00,0.3896,8.561686912272938,247.6815480055231,5,153.89788785610062
2026-05-22 21:40:00,0.3891,8.27151356975619,247.6815480055231,5,153.20402826597117
2026-05-22 21:45:00,0.3882,7.751231220098961,247.6815480055231,5,151.95508100373812
2026-05-22 21:50:00,0.3881,7.6935824843205065,247.6815480055231,5,151.81630908571225
2026-05-22 21:55:00,0.3886,7.9821465458291305,247.6815480055231,5,152.5101686758417
2026-05-22 22:00:00,0.3895,8.503587576557925,247.6815480055231,5,153.75911593807473
2026-05-22 22:05:00,0.3852,6.035575353063851,247.6815480055231,5,147.79192346296134
2026-05-22 22:10:00,0.3863,6.6613489913789,247.6815480055231,5,149.31841456124616
2026-05-22 22:15:00,0.3854,6.149070344146133,247.6815480055231,5,148.06946729901318
2026-05-22 22:20:00,0.3854,6.149070344146133,247.6815480055231,5,148.06946729901318
2026-05-22 22:25:00,0.3842,5.469969785463185,247.6815480055231,5,146.40420428270244
2026-05-22 22:30:00,0.3826,4.57143182674437,247.6815480055231,5,144.18385359428817
2026-05-22 22:35:00,0.3856,6.262690441899571,247.6815480055231,5,148.34701113506492
2026-05-22 22:40:00,0.3845,5.639325121803383,247.6815480055231,5,146.82052003678012
2026-05-22 22:45:00,0.3847,5.75238386288778,247.6815480055231,5,147.0980638728319
2026-05-22 22:50:00,0.384,5.357221113385865,247.6815480055231,5,146.1266604466507
2026-05-22 22:55:00,0.3838,5.244596111849994,247.6815480055231,5,145.84911661059886
2026-05-22 23:00:00,0.3881,7.6935824843205065,247.6815480055231,5,151.81630908571225
2026-05-22 23:05:00,0.3875,7.348360822904314,247.6815480055231,5,150.98367757755688
2026-05-22 23:10:00,0.386,6.490306785771251,247.6815480055231,5,148.90209880716853
2026-05-22 23:15:00,0.385,5.922205262134792,247.6815480055231,5,147.5143796269096
2026-05-22 23:20:00,0.3856,6.262690441899571,247.6815480055231,5,148.34701113506492
2026-05-22 23:25:00,0.3822,4.348023928645192,247.6815480055231,5,143.62876592218458
2026-05-22 23:30:00,0.3835,5.075890047074485,247.6815480055231,5,145.43280085652123
2026-05-22 23:35:00,0.3854,6.149070344146133,247.6815480055231,5,148.06946729901318
2026-05-22 23:40:00,0.3861,6.547289387358367,247.6815480055231,5,149.0408707251944
2026-05-22 23:45:00,0.3822,4.348023928645192,247.6815480055231,5,143.62876592218458
2026-05-22 23:50:00,0.3839,5.300893166520973,247.6815480055231,5,145.9878885286248
2026-05-22 23:55:00,0.3837,5.188329923966433,247.6815480055231,5,145.710344692573
2026-05-23 00:00:00,0.3839,5.300893166520973,247.6815480055231,5,145.9878885286248
2026-05-23 00:05:00,0.3831,4.851379579937758,247.6815480055231,5,144.87771318441764
2026-05-23 00:10:00,0.3816,4.013825505636789,247.6815480055231,5,142.79613441402924
2026-05-23 00:15:00,0.3839,5.300893166520973,247.6815480055231,5,145.9878885286248
2026-05-23 00:20:00,0.3853,6.092307223189124,247.6815480055231,5,147.93069538098723
2026-05-23 00:25:00,0.3839,5.300893166520973,247.6815480055231,5,145.9878885286248
2026-05-23 00:30:00,0.3846,5.695838956934128,247.6815480055231,5,146.95929195480602
2026-05-23 00:35:00,0.3823,4.403830144655252,247.6815480055231,5,143.76753784021048
2026-05-23 00:40:00,0.3819,4.180787965157315,247.6815480055231,5,143.21245016810695
2026-05-23 00:45:00,0.3826,4.57143182674437,247.6815480055231,5,144.18385359428817
2026-05-23 00:50:00,0.3803,3.293465694647317,247.6815480055231,5,140.9920994796927
2026-05-23 00:55:00,0.38,3.127950653870353,247.6815480055231,5,140.575783725615
2026-05-23 01:00:00,0.3823,4.403830144655252,247.6815480055231,5,143.76753784021048
2026-05-23 01:05:00,0.3806,3.4592506891093984,247.6815480055231,5,141.4084152337703
2026-05-23 01:10:00,0.3776,1.8134700487875588,247.6815480055231,5,137.24525769299356
2026-05-23 01:15:00,0.3781,2.085915338626158,247.6815480055231,5,137.93911728312304
2026-05-23 01:20:00,0.3789,2.5233611508565934,247.6815480055231,5,139.0492926273302
2026-05-23 01:25:00,0.3828,4.683319060122128,247.6815480055231,5,144.46139743033993
2026-05-23 01:30:00,0.382,4.236502863820852,247.6815480055231,5,143.35122208613285
2026-05-23 01:35:00,0.3828,4.683319060122128,247.6815480055231,5,144.46139743033993
2026-05-23 01:40:00,0.3814,3.902668814786515,247.6815480055231,5,142.5185905779775
2026-05-23 01:45:00,0.3842,5.469969785463185,247.6815480055231,5,146.40420428270244
2026-05-23 01:50:00,0.3839,5.300893166520973,247.6815480055231,5,145.9878885286248
2026-05-23 01:55:00,0.3837,5.188329923966433,247.6815480055231,5,145.710344692573
2026-05-23 02:00:00,0.3831,4.851379579937758,247.6815480055231,5,144.87771318441764
2026-05-23 02:05:00,0.384,5.357221113385865,247.6815480055231,5,146.1266604466507
2026-05-23 02:10:00,0.3816,4.013825505636789,247.6815480055231,5,142.79613441402924
2026-05-23 02:15:00,0.3816,4.013825505636789,247.6815480055231,5,142.79613441402924
2026-05-23 02:20:00,0.3831,4.851379579937758,247.6815480055231,5,144.87771318441764
2026-05-23 02:25:00,0.3827,4.627360148860657,247.6815480055231,5,144.32262551231406
2026-05-23 02:30:00,0.3818,4.1251034558053945,247.6815480055231,5,143.073678250081
2026-05-23 02:35:00,0.3816,4.013825505636789,247.6815480055231,5,142.79613441402924
2026-05-23 02:40:00,0.3804,3.348697332017587,247.6815480055231,5,141.13087139771858
2026-05-23 02:45:00,0.3812,3.7916331851584677,247.6815480055231,5,142.24104674192566
2026-05-23 02:50:00,0.3824,4.459666849675435,247.6815480055231,5,143.90630975823643
2026-05-23 02:55:00,0.3833,4.963573333148977,247.6815480055231,5,145.15525702046938
2026-05-23 03:00:00,0.3838,5.244596111849994,247.6815480055231,5,145.84911661059886
2026-05-23 03:05:00,0.3838,5.244596111849994,247.6815480055231,5,145.84911661059886
2026-05-23 03:10:00,0.3831,4.851379579937758,247.6815480055231,5,144.87771318441764
2026-05-23 03:15:00,0.3833,4.963573333148977,247.6815480055231,5,145.15525702046938
2026-05-23 03:20:00,0.3831,4.851379579937758,247.6815480055231,5,144.87771318441764
2026-05-23 03:25:00,0.3842,5.469969785463185,247.6815480055231,5,146.40420428270244
2026-05-23 03:30:00,0.3835,5.075890047074485,247.6815480055231,5,145.43280085652123
2026-05-23 03:35:00,0.3835,5.075890047074485,247.6815480055231,5,145.43280085652123
2026-05-23 03:40:00,0.3832,4.907461099077545,247.6815480055231,5,145.0164851024435
2026-05-23 03:45:00,0.3829,4.739308585631067,247.6815480055231,5,144.60016934836588
2026-05-23 03:50:00,0.3821,4.292248176679796,247.6815480055231,5,143.4899940041587
2026-05-23 03:55:00,0.3823,4.403830144655252,247.6815480055231,5,143.76753784021048
2026-05-23 04:00:00,0.3823,4.403830144655252,247.6815480055231,5,143.76753784021048
2026-05-23 04:05:00,0.3839,5.300893166520973,247.6815480055231,5,145.9878885286248
2026-05-23 04:10:00,0.3826,4.57143182674437,247.6815480055231,5,144.18385359428817
2026-05-23 04:15:00,0.383,4.795328750517182,247.6815480055231,5,144.73894126639175
2026-05-23 04:20:00,0.3817,4.0694493109084195,247.6815480055231,5,142.93490633205514
2026-05-23 04:25:00,0.3825,4.515534068698441,247.6815480055231,5,144.0450816762623
2026-05-23 04:30:00,0.3848,5.808959865295094,247.6815480055231,5,147.23683579085775
2026-05-23 04:35:00,0.3841,5.413579977879128,247.6815480055231,5,146.26543236467654
2026-05-23 04:40:00,0.3792,2.6878919818190288,247.6815480055231,5,139.46560838140783
2026-05-23 04:45:00,0.3792,2.6878919818190288,247.6815480055231,5,139.46560838140783
2026-05-23 04:50:00,0.3798,3.0177569421872423,247.6815480055231,5,140.29823988956323
2026-05-23 04:55:00,0.3796,2.9076827223852533,247.6815480055231,5,140.02069605351141
2026-05-23 05:00:00,0.3807,3.514572457818815,247.6815480055231,5,141.5471871517962
2026-05-23 05:05:00,0.3823,4.403830144655252,247.6815480055231,5,143.76753784021048
2026-05-23 05:10:00,0.3826,4.57143182674437,247.6815480055231,5,144.18385359428817
2026-05-23 05:15:00,0.3818,4.1251034558053945,247.6815480055231,5,143.073678250081
2026-05-23 05:20:00,0.3806,3.4592506891093984,247.6815480055231,5,141.4084152337703
2026-05-23 05:25:00,0.3809,3.6253062982341424,247.6815480055231,5,141.82473098784806
2026-05-23 05:30:00,0.3812,3.7916331851584677,247.6815480055231,5,142.24104674192566
2026-05-23 05:35:00,0.3839,5.300893166520973,247.6815480055231,5,145.9878885286248
2026-05-23 05:40:00,0.3863,6.6613489913789,247.6815480055231,5,149.31841456124616
2026-05-23 05:45:00,0.3829,4.739308585631067,247.6815480055231,5,144.60016934836588
2026-05-23 05:50:00,0.3823,4.403830144655252,247.6815480055231,5,143.76753784021048
2026-05-23 05:55:00,0.3842,5.469969785463185,247.6815480055231,5,146.40420428270244
2026-05-23 06:00:00,0.3853,6.092307223189124,247.6815480055231,5,147.93069538098723
2026-05-23 06:05:00,0.3857,6.31954747043941,247.6815480055231,5,148.4857830530908
2026-05-23 06:10:00,0.3836,5.13209457749156,247.6815480055231,5,145.57157277454712
2026-05-23 06:15:00,0.3846,5.695838956934128,247.6815480055231,5,146.95929195480602
2026-05-23 06:20:00,0.3839,5.300893166520973,247.6815480055231,5,145.9878885286248
2026-05-23 06:25:00,0.3833,4.963573333148977,247.6815480055231,5,145.15525702046938
2026-05-23 06:30:00,0.3843,5.526390561628328,247.6815480055231,5,146.54297620072833
2026-05-23 06:35:00,0.3834,5.019716307392097,247.6815480055231,5,145.29402893849533
2026-05-23 06:40:00,0.3827,4.627360148860657,247.6815480055231,5,144.32262551231406
2026-05-23 06:45:00,0.3821,4.292248176679796,247.6815480055231,5,143.4899940041587
2026-05-23 06:50:00,0.3826,4.57143182674437,247.6815480055231,5,144.18385359428817
2026-05-23 06:55:00,0.3826,4.57143182674437,247.6815480055231,5,144.18385359428817
2026-05-23 07:00:00,0.3813,3.8471358796838273,247.6815480055231,5,142.37981865995152
2026-05-23 07:05:00,0.3819,4.180787965157315,247.6815480055231,5,143.21245016810695
2026-05-23 07:10:00,0.3812,3.7916331851584677,247.6815480055231,5,142.24104674192566
2026-05-23 07:15:00,0.3802,3.2382640521132227,247.6815480055231,5,140.85332756166676
